Key,ENGLISH,FRANÇAIS,ESPAÑOL,DEUTSCH,BAHASA INDONESIA,ITALIANO,日本語,한국어,BAHASA MELAYU,NEDERLANDS,PORTUGUÊS,ภาษาไทย,FILIPINO,TÜRKÇE,中文
-dark-team-name | dark-team-name-caps,Black,Noir,Negro,Schwarz,Hitam,Nero,黒,검정,Hitam,Donker,Preta,ทีมดำ,Itim,Siyah,黑队
-light-team-name | light-team-name-caps,White,Blanc,Blanco,Weiß,Putih,Bianco,白,흰,Putih,Licht,Branca,ทีมขาว,Puti,Beyaz,白队
done,DONE,TERMINÉ,HECHO,FERTIG,SELESAI,FATTO,完了,완료,SELESAI,KLAAR,CONCLUÍDO,เสร็จสิ้น,TAPOS,TAMAM,完成
restart-to-apply,RESTART TO APPLY,REDÉMARRER POUR APPLIQUER,REINICIAR PARA APLICAR,NEU STARTEN ZUM ANWENDEN,MULAI ULANG UNTUK MENERAPKAN,RIAVVIA PER APPLICARE,再起動して適用,재시작하여 적용,MULAKAN SEMULA UNTUK GUNA,OPNIEUW STARTEN OM TOE TE PASSEN,REINICIAR PARA APLICAR,รีสตาร์ทเพื่อใช้งาน,I-RESTART UPANG ILAPAT,UYGULAMAK İÇİN YENİDEN BAŞLAT,重启以应用
cancel,CANCEL,ANNULER,CANCELAR,ABBRECHEN,BATAL,ANNULLA,キャンセル,취소,BATAL,ANNULEREN,CANCELAR,ยกเลิก,KANSELAHIN,İPTAL,取消
delete,DELETE,SUPPRIMER,ELIMINAR,LÖSCHEN,HAPUS,ELIMINA,削除,삭제,PADAM,VERWIJDEREN,ELIMINAR,ลบ,BURAHIN,SİL,删除
back,BACK,RETOUR,ATRÁS,ZURÜCK,KEMBALI,INDIETRO,戻る,뒤로,KEMBALI,TERUG,VOLTAR,กลับ,BUMALIK,GERİ,返回
apply,APPLY,APPLIQUER,APLICAR,ANWENDEN,TERAPKAN,APPLICA,適用,적용,GUNA,TOEPASSEN,APLICAR,ใช้,ILAPAT,UYGULA,应用
user-options,USER OPTIONS,OPTIONS UTILISATEUR,OPCIONES DE USUARIO,BENUTZEROPTIONEN,OPSI PENGGUNA,OPZIONI UTENTE,ユーザー設定,사용자 옵션,PILIHAN PENGGUNA,GEBRUIKERSOPTIES,OPÇÕES DO UTILIZADOR,ตัวเลือกผู้ใช้,MGA OPSYON NG USER,KULLANICI SEÇENEKLERİ,用户选项
new,NEW,NOUVEAU,NUEVO,NEU,BARU,NUOVO,新規,새로,BARU,NIEUW,NOVO,ใหม่,BAGO,YENİ,新建
total-dismissal,TD,TD,T,PV,KELUAR,ES.DEF.,退場,퇴장,PT,DEF,ED,ไล่,TD,İHR,取消
penalty-kind-thirty-seconds,30s,30s,30s,30s,30dtk,30s,30秒,30초,30s,30s,30s,30วิ,30s,30sn,30秒
penalty-kind-one-minute,1m,1m,1m,1m,1mnt,1m,1分,1분,1m,1m,1min,1น.,1m,1dk,1分
penalty-kind-two-minutes,2m,2m,2m,2m,2mnt,2m,2分,2분,2m,2m,2min,2น.,2m,2dk,2分
penalty-kind-four-minutes,4m,4m,4m,4m,4mnt,4m,4分,4분,4m,4m,4min,4น.,4m,4dk,4分
penalty-kind-five-minutes,5m,5m,5m,5m,5mnt,5m,5分,5분,5m,5m,5min,5น.,5m,5dk,5分
timeout-length,TEAM TIMEOUT LENGTH,DURÉE DU TEMPS MORT,DURACIÓN DEL TIEMPO DE ESPERA,AUSZEIT DAUER,TIME-OUT TIM DURASI,TIME-OUT DI SQUADRA,チームタイムアウト 時間,팀 타임아웃 시간,MASA REHAT PASUKAN,TEAM TIME-OUT DUUR,DURAÇÃO DO TEMPO DE EQUIPA,ระยะเวลา พักทีม,TIMEOUT NG KOPONAN,TAKIM MOLASI SÜRESİ,队伍暂停 时长
team-warning,TEAM WARNING,AVERT. D'ÉQUIPE,AVISO DE EQUIPO,MANNSCHAFT VERWARNUNG,PERINGATAN TIM,AMMONIZIONE DI SQUADRA,チーム 警告,팀 경고,AMARAN PASUKAN,TEAM- WAARSCHUWING,AVISO DE EQUIPA,การเตือน ทีม,BABALA NG KOPONAN,TAKIM UYARISI,队伍 警告
team-warning-line-1,TEAM,AVERT.,AVISO,MANNSCHAFT,PERINGATAN,AMMONIZIONE,チーム,팀,AMARAN,TEAM-,AVISO DE,การเตือน,BABALA NG,TAKIM,队伍
team-warning-line-2,WARNING,D'ÉQUIPE,DE EQUIPO,VERWARNUNG,TIM,DI SQUADRA,警告,경고,PASUKAN,WAARSCHUWING,EQUIPA,ทีม,KOPONAN,UYARISI,警告
none-selected,None Selected,Aucun Sélectionné,Ninguno seleccionado,Nichts ausgewählt,Tidak Ada Dipilih,Nessuno Selezionato,未選択,선택 없음,Tiada Dipilih,Niets Geselecteerd,Nenhum Selecionado,ไม่ได้เลือก,Wala na Pinili,Seçim Yok,未选择
loading,Loading...,Chargement...,Cargando...,Wird geladen...,Memuat...,Caricamento...,読込中...,불러오는 중...,Memuatkan...,Laden...,A carregar...,กำลังโหลด...,Naglo-load...,Yükleniyor...,加载中...
game-select,Game:,MATCH:,Juego:,Spiel:,Pertandingan:,Partita:,試合:,경기:,Perlawanan:,Wedstrijd:,Jogo:,เกม:,Laro:,Oyun:,比赛：
game-options,GAME OPTIONS,OPTIONS DU MATCH,OPCIONES DE JUEGO,SPIELOPTIONEN,OPSI PERTANDINGAN,OPZIONI PARTITA,試合オプション,경기 옵션,PILIHAN PERLAWANAN,WEDSTRIJDOPTIES,OPÇÕES DE JOGO,ตัวเลือกเกม,MGA OPSYON SA LARO,OYUN SEÇENEKLERİ,比赛选项
app-options,APP OPTIONS,OPTIONS DE L'APPLICATION,OPCIONES DE APP,APP-OPTIONEN,OPSI APLIKASI,OPZIONI APP,アプリオプション,앱 옵션,PILIHAN APLIKASI,APP-OPTIES,OPÇÕES DA APP,ตัวเลือกแอป,MGA OPSYON SA APP,UYGULAMA SEÇENEKLERİ,应用选项
display-options,DISPLAY OPTIONS,OPTIONS D'AFFICHAGE,OPCIONES DE PANTALLA,ANZEIGEOPTIONEN,OPSI TAMPILAN,OPZIONI DISPLAY,表示オプション,화면 옵션,PILIHAN PAPARAN,WEERGAVEOPTIES,OPÇÕES DE ECRÃ,ตัวเลือกการแสดงผล,MGA OPSYON SA DISPLAY,GÖRÜNTÜ SEÇENEKLERİ,显示选项
sound-options,SOUND OPTIONS,OPTIONS SONORES,OPCIONES DE SONIDO,TONOPTIONEN,OPSI SUARA,OPZIONI AUDIO,サウンドオプション,소리 옵션,PILIHAN BUNYI,GELUIDSOPTIES,OPÇÕES DE SOM,ตัวเลือกเสียง,MGA OPSYON SA TUNOG,SES SEÇENEKLERİ,声音选项
app-mode,APP MODE,MODE,MODO DE LA APLICACIÓN,APP- MODUS,MODE APLIKASI,MODALITÀ APP,アプリ モード,앱 모드,MOD APLIKASI,APP- MODUS,MODO DA APP,โหมด แอป,MODE NG APP,UYGULAMA MODU,应用 模式
hide-time-for-last-15-seconds,HIDE TIME FOR LAST 15 SECONDS,CACHER LE TEMPS POUR LES 15 DERNIÈRES SECONDES,OCULTAR TIEMPO PARA LOS ÚLTIMOS 15 SEGUNDOS,ZEIT IN DEN LETZTEN 15 SEK AUSBLENDEN,SEMBUNYIKAN WAKTU 15 DETIK TERAKHIR,NASCONDI TEMPO ULTIMI 15 SEC,残り15秒 時間非表示,마지막 15초 시간 숨기기,SEMBUNYIKAN MASA 15 SAAT TERAKHIR,TIJD VERBERGEN LAATSTE 15 SEK,OCULTAR TEMPO NOS ÚLTIMOS 15 SEG,ซ่อนเวลา 15 วินาทีสุดท้าย,ITAGO ANG ORAS SA HULING 15 SEGUNDO,SON 15 SANİYE ZAMANI GİZLE,最后15秒 隐藏时间
player-display-brightness,PLAYER DISPLAY BRIGHTNESS,LUMINOSITÉ DE L'AFFICHAGE DES JOUEURS,BRILLO DE LA PANTALLA DEL JUGADOR,HELLIGKEIT SPIELERANZEIGE,KECERAHAN TAMPILAN PEMAIN,LUMINOSITÀ DISPLAY GIOCATORI,選手表示 明るさ,선수 화면 밝기,KECERAHAN PAPARAN PEMAIN,HELDERHEID SPELERSSCHERM,BRILHO DO ECRÃ DE JOGADORES,ความสว่าง หน้าจอผู้เล่น,LIWANAG NG DISPLAY NG MANLALARO,OYUNCU EKRANI PARLAKLIGI,球员显示 亮度
confirm-score-at-game-end,CONFIRM SCORE AT GAME END,CONFIRMER LE SCORE À LA FIN DU MATCH,CONFIRMAR PUNTUACIÓN AL FINAL DEL JUEGO,SPIELSTAND BEI SPIELENDE BESTÄTIGEN,KONFIRMASI SKOR DI AKHIR PERTANDINGAN,CONFERMA PUNTEGGIO A FINE PARTITA,試合終了時 得点確認,경기 종료 시 점수 확인,SAHKAN MARKAH AKHIR PERLAWANAN,SCORE BEVESTIGEN BIJ WEDSTRIJDEINDE,CONFIRMAR RESULTADO NO FIM DO JOGO,ยืนยันคะแนน ท้ายเกม,KUMPIRMAHIN ANG PUNTOS SA KATAPUSAN NG LARO,OYUN SONUNDA SKORU ONAYLA,比赛结束时 确认比分
track-cap-number-of-scorer,TRACK CAP NUMBER OF SCORER,SUIVRE LE NUMÉRO DU BUTEUR,REGISTRAR NÚMERO DEL ANOTADOR,BADEKAPPENNUMMER DES TORSCHÜTZEN ERFASSEN,LACAK NOMOR TOPI PENCETAK GOL,TRACCIA NUMERO CALOTTINA MARCATORE,得点者の キャップ番号記録,득점자 모자 번호 추적,REKOD NOMBOR PEMAIN PENCETAK GOL,MUTSNUMMER DOELPUNTENMAKER,REGISTAR NÚMERO DE TOUCA DO MARCADOR,บันทึกหมายเลขหมวก ของผู้ทำคะแนน,SUBAYBAYAN ANG NUMERO NG GORRO NG MANLALARO,GOLCÜNÜN BAŞLIK NUMARASINI TAKİP ET,追踪进球 泳帽号码
event,EVENT:,EVÉNEMENT:,EVENTO:,VERANSTALTUNG:,ACARA:,EVENTO:,大会:,대회:,ACARA:,EVENEMENT:,EVENTO:,กิจกรรม:,KAGANAPAN:,ETKİNLİK:,赛事：
track-fouls-and-warnings,TRACK FOULS AND WARNINGS,SUIVRE LES FAUTES ET LES AVERTISSEMENTS,REGISTRAR FALTAS Y ADVERTENCIAS,FOULS UND VERWARNUNGEN ERFASSEN,LACAK PELANGGARAN DAN PERINGATAN,TRACCIA FALLI E AMMONIZIONI,反則・ 警告の記録,반칙 및 경고 추적,REKOD KESALAHAN DAN AMARAN,OVERTREDINGEN EN WAARSCHUWINGEN,REGISTAR FALTAS E AVISOS,บันทึกฟาวล์ และการเตือน,SUBAYBAYAN ANG POUL AT BABALA,FAUL VE UYARILARI TAKİP ET,追踪犯规 和警告
court,COURT:,TERRAIN:,CANCHA:,FELD:,LAPANGAN:,CAMPO:,コート:,코트:,GELANGGANG:,BAAN:,CAMPO:,สนาม:,KORTE:,SAHA:,球场：
single-half,SINGLE HALF:,UNE SEULE PÉRIODE:,UNA SOLA MITAD:,EINZELNE HALBZEIT:,BABAK TUNGGAL:,SINGOLO TEMPO:,単一 ハーフ:,단일 전반:,SEPARUH TUNGGAL:,ENKELE HELFT:,TEMPO ÚNICO:,ครึ่ง เดียว:,ISANG KALAHATI:,TEK DEVRE:,单节 比赛：
half-length-full,HALF LENGTH:,DURÉE DE LA PÉRIODE:,DURACIÓN DE UNA MITAD:,HALBZEITDAUER:,DURASI BABAK:,DURATA TEMPO:,ハーフ時間:,전반 시간:,PANJANG SEPARUH:,DUUR HELFT:,DURAÇÃO DO TEMPO:,ความยาวครึ่งเวลา:,HABA NG KALAHATI:,DEVRE SÜRESİ:,半场时长：
game-length,GAME LENGTH:,DURÉE DU MATCH:,DURACIÓN DEL JUEGO:,SPIELDAUER:,DURASI PERTANDINGAN:,DURATA PARTITA:,試合時間:,경기 시간:,PANJANG PERLAWANAN:,WEDSTRIJDDUUR:,DURAÇÃO DO JOGO:,ความยาวเกม:,HABA NG LARO:,OYUN SÜRESİ:,比赛时长：
overtime-allowed,OVERTIME ALLOWED:,PROLONGATIONS AUTORISÉES:,TIEMPO EXTRA (T/E) PERMITIDO:,VERLÄNGERUNG ERLAUBT:,PERPANJANGAN WAKTU DIIZINKAN:,TEMPI SUPPL. CONSENTITI:,延長戦 許可:,연장전 허용:,MASA TAMBAHAN DIBENARKAN:,VERLENGING TOEGESTAAN:,PRORROGAÇÃO PERMITIDA:,อนุญาต ต่อเวลาพิเศษ:,OVERTIME PINAHINTULUTAN:,UZATMA İZİN VERİLDİ:,允许 加时赛：
sudden-death-allowed,SUDDEN DEATH ALLOWED:,MORT SUBITE AUTORISÉE:,MUERTE SÚBITA (M/S) PERMITIDA:,PLÖTZLICHER TOD ERLAUBT:,SUDDEN DEATH DIIZINKAN:,MORTE IMPROVVISA CONSENTITA:,サドンデス 許可:,서든 데스 허용:,SUDDEN DEATH DIBENARKAN:,PLOTSELINGE DOOD TOEGESTAAN:,MORTE SÚBITA PERMITIDA:,อนุญาต ตายกะทันหัน:,SUDDEN DEATH PINAHINTULUTAN:,ANİ ÖLÜM İZİN VERİLDİ:,允许 突然死亡：
half-time-length,HALF TIME LENGTH:,DURÉE DE LA MI-TEMPS:,DURACIÓN DEL MEDIO TIEMPO:,HALBZEITPAUSE DAUER:,DURASI JEDA BABAK:,DURATA INTERVALLO:,ハーフタイム 時間:,하프타임 시간:,PANJANG REHAT SEPARUH MASA:,DUUR RUST:,DURAÇÃO DO INTERVALO:,ความยาว พักครึ่ง:,HABA NG PAHINGA:,DEVRE ARASI SÜRESİ:,中场休息 时长：
pre-ot-break-length,PRE OT BREAK LENGTH:,PAUSE AVANT PROLONGATIONS:,DURACIÓN PREVIA AL T/E:,PAUSE VOR VERLÄNGERUNG:,DURASI JEDA SEBELUM PW:,PAUSA PRE SUPPLEMENTARI:,延長前 休憩時間:,연장전 전 휴식 시간:,PANJANG REHAT PRA-MASA TAMBAHAN:,PAUZE VOOR VERLENGING:,PAUSA PRÉ PRORROGAÇÃO:,พักก่อน ต่อเวลาพิเศษ:,HABA NG PAHINGA BAGO OT:,UZATMA ÖNCESİ ARA SÜRESİ:,加时前 休息时长：
pre-sd-break-length,PRE SD BREAK LENGTH:,PAUSE AVANT MORT SUBITE:,DURACIÓN PREVIA A LA M/S:,PAUSE VOR PLÖTZL. TOD:,DURASI JEDA SEBELUM SD:,PAUSA PRE MORTE IMPROVVISA:,SD前 休憩時間:,서든 데스 전 휴식 시간:,PANJANG REHAT PRA-SUDDEN DEATH:,PAUZE VOOR PLTS DOOD:,PAUSA PRÉ MORTE SÚBITA:,พักก่อน ตายกะทันหัน:,HABA NG PAHINGA BAGO SD:,ANİ ÖLÜM ÖNCESİ ARA SÜRESİ:,突然死亡前 休息时长：
nominal-break-between-games,NOMINAL BRK BTWN GAMES:,PAUSE ENTRE LES MATCHS:,DESCANSO ENTRE JUEGOS:,NOMINALE PAUSE ZWISCHEN SPIELEN:,JEDA NOMINAL ANTAR PERTANDINGAN:,PAUSA NOMINALE FRA PARTITE:,試合間 基準休憩:,경기 간 기준 휴식:,REHAT NOMINAL ANTARA PERLAWANAN:,NOMINALE PAUZE TUSSEN WEDSTR.:,PAUSA NOMINAL ENTRE JOGOS:,พักระหว่างเกม ตามกำหนด:,NOMINAL NA PAHINGA SA PAGITAN NG MGA LARO:,OYUNLAR ARASI NOMİNAL ARA:,场间名义 休息时间：
ot-half-length,OT HALF LENGTH:,PÉRIODE DE PROLONGATION:,DURACIÓN DE LA MITAD DEL T/M:,VERLÄNGERUNGS- HALBZEITDAUER:,DURASI BABAK PERPANJANGAN:,DURATA TEMPO SUPPLEMENTARE:,延長ハーフ 時間:,연장 전반 시간:,PANJANG SEPARUH MASA TAMBAHAN:,DUUR HELFT VERLENGING:,DURAÇÃO TEMPO PRORROGAÇÃO:,ครึ่งเวลา ต่อเวลาพิเศษ:,HABA NG KALAHATI SA OT:,UZATMA DEVRESİ SÜRESİ:,加时半场 时长：
timeouts-counted-per,TIMEOUTS COUNTED PER:,TEMPS MORTS COMPTÉS PAR:,TIEMPOS MUERTOS CONTADOS POR:,AUSZEITEN GEZÄHLT PRO:,TIME-OUT DIHITUNG PER:,TIME-OUT CONTATI PER:,タイムアウト 集計単位:,타임아웃 기준 단위:,MASA REHAT DIKIRA PER:,TIME-OUTS GETELD PER:,TEMPOS DE EQUIPA CONTADOS POR:,นับพักทีม ต่อ:,MGA TIMEOUT BIBILANGIN PER:,MOLALAR SAYILAN PER:,暂停 计算单位：
game,GAME,MATCH,JUEGO,SPIEL,PERTANDINGAN,PARTITA,試合,경기,PERLAWANAN,WEDSTRIJD,JOGO,เกม,LARO,OYUN,比赛
half,HALF,PÉRIODE,MITAD,HALBZEIT,BABAK,TEMPO,ハーフ,전반,SEPARUH,HELFT,TEMPO,ครึ่งเวลา,KALAHATI,DEVRE,半场
minimum-brk-btwn-games,MINIMUM BRK BTWN GAMES:,PAUSE MIN. ENTRE LES MATCHS:,DESCANSO MÍNIMO ENTRE JUEGOS:,MIN. PAUSE ZWISCHEN SPIELEN:,JEDA MINIMUM ANTAR PERTANDINGAN:,PAUSA MIN FRA PARTITE:,試合間 最小休憩:,최소 경기 간 휴식:,REHAT MINIMUM ANTARA PERLAWANAN:,MIN PAUZE TUSSEN WEDSTR.:,PAUSA MÍN ENTRE JOGOS:,พักระหว่างเกม ขั้นต่ำ:,PINAKAMALIIT NA PAHINGA SA PAGITAN NG MGA LARO:,OYUNLAR ARASI MİNİMUM ARA:,场间最短 休息时间：
ot-half-time-length,OT HALF TIME LENGTH,DURÉE DE LA PAUSE A LA PROLONGATION,DUR. MEDIO TIEMPO DEL T/E,VERLÄNGERUNGS- PAUSENDAUER,DURASI JEDA PERPANJANGAN WAKTU,INTERVALLO SUPPLEMENTARE,延長ハーフ タイム時間,연장 하프타임 시간,PANJANG REHAT SEPARUH MASA TAMBAHAN,RUST VERLENGING,INTERVALO DA PRORROGAÇÃO,พักครึ่ง ต่อเวลาพิเศษ,HABA NG PAHINGA SA OVERTIME,UZATMA DEVRE ARASI SÜRESİ,加时中场 时长
using-portal,USING { $portal }PORTAL:,UTILISATION DU { $portal }PORTAL:,USANDO { $portal }PORTAL:,{ $portal }PORTAL VERWENDEN:,MENGGUNAKAN { $portal }PORTAL:,USA { $portal }PORTAL:,{ $portal }PORTAL使用:,{ $portal }PORTAL 사용:,MENGGUNAKAN { $portal }PORTAL:,{ $portal }PORTAL GEBRUIKEN:,USAR { $portal }PORTAL:,ใช้ { $portal }PORTAL:,GUMAGAMIT NG { $portal }PORTAL:,{ $portal }PORTAL KULLANILIYOR:,使用{ $portal }PORTAL：
starting-sides,STARTING SIDES,CÔTÉS DE DÉPART,LADOS INICIALES,STARTSEITEN,SISI AWAL,LATI DI PARTENZA,開始サイド,시작 진영,SISI PERMULAAN,STARTZIJDEN,LADOS INICIAIS,ด้านเริ่มต้น,MGA PANIG SA SIMULA,BAŞLANGIÇ TARAFLARI,起始位置
sound-enabled,SOUND ENABLED:,SON ACTIVÉ:,SONIDO HABILITADO:,TON AKTIVIERT:,SUARA DIAKTIFKAN:,AUDIO ATTIVATO:,サウンド 有効:,소리 사용:,BUNYI DIAKTIFKAN:,GELUID INGESCHAKELD:,SOM ATIVADO:,เปิดใช้ เสียง:,TUNOG PINAGANA:,SES AKTİF:,声音 启用：
whistle-volume,WHISTLE VOLUME:,VOLUME DU SIFFLET:,VOLUMEN DEL SILBATO:,PFEIFEN- LAUTSTÄRKE:,VOLUME PELUIT:,VOLUME FISCHIO:,笛 音量:,호루라기 음량:,KELANTANGAN WISEL:,FLUIT- VOLUME:,VOLUME DO APITO:,ระดับเสียง นกหวีด:,LAKAS NG SIPOL:,DÜDÜK SESİ:,哨声 音量：
manage-remotes,MANAGE REMOTES,GÉRER LES TÉLÉCOMMANDES,GESTIONAR REMOTOS,FERNBEDIENUNGEN VERWALTEN,KELOLA REMOTE,GESTISCI TELECOMANDI,リモコン管理,리모컨 관리,URUS KAWALAN JAUH,AFSTANDSBEDIENINGEN BEHEREN,GERIR CONTROLOS REMOTOS,จัดการรีโมต,PAMAHALAAN ANG MGA REMOTE,UZAKTAN KUMANDAYI YÖNETİN,管理遥控器
whistle-enabled,WHISTLE ENABLED:,SIFFLET ACTIVÉ:,SILBATO HABILITADO:,PFEIFE AKTIVIERT:,PELUIT DIAKTIFKAN:,FISCHIO ATTIVATO:,笛 有効:,호루라기 사용:,WISEL DIAKTIFKAN:,FLUIT INGESCHAKELD:,APITO ATIVADO:,เปิดใช้ นกหวีด:,SIPOL PINAGANA:,DÜDÜK AKTİF:,哨声 启用：
above-water-volume,ABOVE WATER VOLUME:,VOLUME SURFACE:,VOLUMEN SOBRE EL AGUA:,LAUTSTÄRKE ÜBER WASSER:,VOLUME DI ATAS AIR:,VOLUME FUORI ACQUA:,水上 音量:,수상 음량:,KELANTANGAN ATAS AIR:,VOLUME BOVEN WATER:,VOLUME ACIMA DA ÁGUA:,ระดับเสียง เหนือน้ำ:,LAKAS SA IBABAW NG TUBIG:,SU ÜSTÜ SES:,水上 音量：
auto-sound-start-play,AUTO SOUND START PLAY:,SON AUTOMATIQUE DÉBUT MATCH:,INICIO AUTOMÁTICO DE SONIDO AL JUGAR:,AUTO-TON SPIELSTART:,SUARA OTOMATIS MULAI MAIN:,AUDIO AUTO INIZIO GIOCO:,自動サウンド プレー開始:,자동 소리 경기 시작:,BUNYI AUTO MULA MAIN:,AUTO GELUID SPEL STARTEN:,SOM AUTO INICIAR JOGO:,เสียงอัตโนมัติ เริ่มเล่น:,AUTO TUNOG SIMULA NG LARO:,OTOMATİK SES OYUN BAŞLANGICI:,自动声音 开始比赛：
buzzer-sound,BUZZER SOUND:,SON DU BUZZER:,SONIDO DEL ALTAVOZ:,SUMMER- TON:,SUARA BUZZER:,SUONO BUZZER:,ブザー 音:,버저 소리:,BUNYI PENGGERA:,ZOEMER- GELUID:,SOM DA BUZINA:,เสียง บัซเซอร์:,TUNOG NG BUZZER:,BUZZER SESİ:,蜂鸣器 声音：
underwater-volume,UNDERWATER VOLUME:,VOLUME SOUS L'EAU:,VOLUMEN BAJO EL AGUA:,LAUTSTÄRKE UNTER WASSER:,VOLUME DI BAWAH AIR:,VOLUME SOTT'ACQUA:,水中 音量:,수중 음량:,KELANTANGAN BAWAH AIR:,VOLUME ONDER WATER:,VOLUME DEBAIXO DE ÁGUA:,ระดับเสียง ใต้น้ำ:,LAKAS SA ILALIM NG TUBIG:,SU ALTI SES:,水下 音量：
auto-sound-stop-play,AUTO SOUND STOP PLAY:,SON AUTOMATIQUE ARRÊT MATCH:,SONIDO AUTOMÁTICO AL PARAR:,AUTO-TON SPIELENDE:,SUARA OTOMATIS BERHENTI MAIN:,AUDIO AUTO FINE GIOCO:,自動サウンド プレー停止:,자동 소리 경기 종료:,BUNYI AUTO HENTI MAIN:,AUTO GELUID SPEL STOPPEN:,SOM AUTO PARAR JOGO:,เสียงอัตโนมัติ หยุดเล่น:,AUTO TUNOG HINTO NG LARO:,OTOMATİK SES OYUN SONU:,自动声音 结束比赛：
alarm-button,ALARM BUTTON:,BOUTON D'ALARME:,BOTÓN DE ALARMA:,ALARM- TASTE:,TOMBOL ALARM:,PULSANTE ALLARME:,アラーム ボタン:,알람 버튼:,BUTANG PENGGERA:,ALARM- KNOP:,BOTÃO DE ALARME:,ปุ่ม สัญญาณเตือน:,PINDUTAN NG ALARMA:,ALARM DÜĞME:,警报 按钮：
alarm,ALARM,ALARME,ALARMA,ALARM,ALARM,ALLARME,アラーム,알람,PENGGERA,ALARM,ALARME,สัญญาณเตือน,ALARMA,ALARM,警报
hold-to-test,HOLD TO TEST,MAINTENIR POUR TESTER,MANTÉN PARA PROBAR,ZUM TESTEN HALTEN,TAHAN UNTUK UJI,TIENI PER TESTARE,長押しでテスト,길게 눌러 테스트,TAHAN UNTUK UJI,INGEDRUKT HOUDEN OM TE TESTEN,MANTER PRESSIONADO PARA TESTAR,กดค้างเพื่อทดสอบ,PINDUTIN NANG MATAGAL PARA SUBUKAN,TEST İÇİN BASILI TUTUN,长按测试
or-press-spacebar,Or Press Spacebar,Ou Appuyez sur Espace,O Presiona la Barra,Oder Leertaste drücken,Atau Tekan Spacebar,O Premi Barra Spazio,またはスペースキーを押す,또는 스페이스바 누르기,Atau Tekan Kekunci Ruang,Of Druk op Spatiebalk,Ou Prima a Barra de Espaços,หรือกดสเปซบาร์,O Pindutin ang Spacebar,Veya Boşluk Tuşuna Basın,或按空格键
or-hold-spacebar,Or Hold Spacebar,Ou Maintenez Espace,O Mantén la Barra,Oder Leertaste halten,Atau Tahan Spacebar,O Tieni Barra Spazio,またはスペースキーを長押し,또는 스페이스바 길게 누르기,Atau Tahan Kekunci Ruang,Of Houd Spatiebalk Ingedrukt,Ou Mantenha a Barra de Espaços,หรือกดค้างสเปซบาร์,O Pindutin Nang Matagal ang Spacebar,Veya Boşluk Tuşunu Basılı Tutun,或长按空格键
game-info,GAME INFO,INFO PARTIE,INFO JUEGO,SPIELINFO,INFO PERTANDINGAN,INFO PARTITA,試合情報,경기 정보,MAKLUMAT PERLAWANAN,WEDSTRIJDINFO,INFO DO JOGO,ข้อมูลเกม,IMPORMASYON NG LARO,OYUN BİLGİSİ,比赛信息
remotes,REMOTES,TÉLÉCOMMANDES,REMOTOS,FERNBEDIENUNGEN,REMOTE,TELECOMANDI,リモコン,리모컨,KAWALAN JAUH,AFSTANDSBEDIENINGEN,CONTROLOS REMOTOS,รีโมต,MGA REMOTE,UZAKTAN KUMANDALAR,遥控器
default,DEFAULT,DÉFAUT,POR DEFECTO,STANDARD,BAWAAN,PREDEFINITO,デフォルト,기본값,LALAI,STANDAARD,PREDEFINIÇÃO,ค่าเริ่มต้น,DEFAULT,VARSAYILAN,默认
sound,SOUND: { $sound_text },SON: { $sound_text },SONIDO: { $sound_text },TON: { $sound_text },SUARA: { $sound_text },AUDIO: { $sound_text },サウンド: { $sound_text },소리: { $sound_text },BUNYI: { $sound_text },GELUID: { $sound_text },SOM: { $sound_text },เสียง: { $sound_text },TUNOG: { $sound_text },SES: { $sound_text },声音：{ $sound_text }
brightness-low | low,LOW,FAIBLE,BAJO,NIEDRIG,RENDAH,BASSO,低,낮음,RENDAH,LAAG,BAIXO,ต่ำ,MABABA,DÜŞÜK,低
brightness-medium | medium,MEDIUM,MOYEN,MEDIO,MITTEL,SEDANG,MEDIO,中,중간,SEDERHANA,GEMIDDELD,MÉDIO,กลาง,KATAMTAMAN,ORTA,中
brightness-high | high,HIGH,HAUT,ALTO,HOCH,TINGGI,ALTO,高,높음,TINGGI,HOOG,ALTO,สูง,MATAAS,YÜKSEK,高
brightness-outdoor,OUTDOOR,EXTÉRIEUR,EXTERIOR,AUSSEN,LUAR RUANGAN,ESTERNO,屋外,야외,LUAR RUMAH,BUITEN,EXTERIOR,กลางแจ้ง,PANLABAS,DIŞ MEKAN,室外
waiting,WAITING,EN ATTENTE,EN ESPERA,WARTEN,MENUNGGU,IN ATTESA,待機中,대기 중,MENUNGGU,WACHTEN,A AGUARDAR,กำลังรอ,NAGHIHINTAY,BEKLENİYOR,等待中
add,ADD,AJOUTER,AÑADIR,HINZUFÜGEN,TAMBAH,AGGIUNGI,追加,추가,TAMBAH,TOEVOEGEN,ADICIONAR,เพิ่ม,IDAGDAG,EKLE,添加
half-length,HALF LEN,DURÉE PÉRIODE,DURACIÓN DE UNA MITAD,HALBZ. DAUER,DUR BABAK,DUR TEMPO,ハーフ時間,전반 시간,PANJANG SEPARUH,DUUR HELFT,DUR TEMPO,ความยาวครึ่ง,HABA NG KALAHATI,DEVRE SÜRESİ,半场时长
length-of-half-during-regular-play,The length of a half during regular play,La durée d'une période pendant le match régulier,La duración de una mitad durante el juego regular,Die Dauer einer Halbzeit während des regulären Spiels,Durasi satu babak selama pertandingan reguler,La durata di un tempo durante il gioco regolare,通常試合中のハーフの長さ,정규 경기 중 전반의 시간,Panjang separuh semasa permainan biasa,De duur van een helft tijdens regulier spel,A duração de um tempo durante o jogo regular,ความยาวของครึ่งเวลาระหว่างการเล่นปกติ,Ang haba ng isang kalahati sa panahon ng regular na laro,Normal oyun sırasında bir devrenin süresi,常规比赛中每半场的时长
half-time-lenght,HALF TIME LEN,DURÉE MI-TEMPS,DURACIÓN DEL MEDIO TIEMPO,HALBZEITPAUSE DAUER,DUR JEDA BABAK,DUR INTERVALLO,ハーフタイム時間,하프타임 시간,PANJANG REHAT SEPARUH MASA,DUUR RUST,DUR INTERVALO,ความยาวพักครึ่ง,HABA NG PAHINGA,DEVRE ARASI SÜRESİ,中场时长
length-of-half-time-period,The length of the Half Time period,La durée de la mi-temps,La duración del período de medio tiempo,Die Dauer der Halbzeitpause,Durasi periode jeda babak,La durata del periodo di intervallo,ハーフタイムの長さ,하프타임 기간의 시간,Panjang tempoh rehat separuh masa,De duur van de rustperiode,A duração do período de intervalo,ความยาวของช่วงพักครึ่งเวลา,Ang haba ng panahon ng pahinga,Devre arası süresinin uzunluğu,中场休息阶段的时长
nom-break,NOM BREAK,PAUSE NOMINALE,DESCANSO NOMINAL,NOM. PAUSE,JEDA NOMINAL,PAUSA NOM,基準休憩,기준 휴식,REHAT NOMINAL,NOM PAUZE,PAUSA NOM,พักตามกำหนด,NOMINAL NA PAHINGA,NOMİNAL ARA,名义休息
system-will-keep-game-times-spaced,"The system will try to keep the game start times evenly spaced, with the total time from one start to the next being 2 * [Half Length] + [Half Time Length] + [Nominal Time Between Games] (example: if games have [Half Length] = 15m, [Half Time Length] = 3m, and [Nominal Time Between Games] = 12m, the time from the start of one game to the next will be 45m. Any timeouts taken, or other clock stoppages, will reduce the 12m time down until the minimum time between game value is reached).","Le système essaiera de maintenir les heures de début des matchs régulièrement espacées, avec un temps total de 2 * [Durée de la mi-temps] + [Durée de la mi-temps] + [Pause nominale entre les matchs] (exemple: si les matchs ont [Durée de la mi-temps] = 15m, [Durée de la mi-temps] = 3m, et [Pause nominale entre les matchs] = 12m, le temps entre le début d'un match et le suivant sera de 45m. Tout temps mort pris, ou autre arrêt de l'horloge, réduira le temps de 12m jusqu'à ce que la valeur de la pause minimale entre les matchs soit atteinte).","El sistema intentará mantener los tiempos de inicio de los juegos espaciados uniformemente, con el tiempo total de un juego al siguiente siendo 2 * [Duración de la Mitad] + [Duración del Medio Tiempo] + [Tiempo Nominal Entre Juegos] (ejemplo: si los juegos tienen [Duración de la Mitad] = 15m, [Duración del Medio Tiempo] = 3m, y [Tiempo Nominal Entre Juegos] = 12m, el tiempo desde el inicio de un juego al siguiente será de 45m. Cualquier tiempo de espera tomado, u otras paradas de reloj, reducirán el tiempo de 12m hasta alcanzar el tiempo mínimo entre juegos).","Das System versucht, die Spielstartzeiten gleichmäßig zu verteilen. Die Gesamtzeit von einem Start zum nächsten beträgt 2 × [Halbzeitdauer] + [Halbzeitpausendauer] + [Nominale Spielpause] (Beispiel: bei [Halbzeitdauer] = 15 Min, [Halbzeitpausendauer] = 3 Min und [Nominale Spielpause] = 12 Min beträgt die Zeit von Spielstart zu Spielstart 45 Min. Auszeiten oder andere Spielunterbrechungen verkürzen die 12 Min bis zur minimalen Pause zwischen Spielen).","Sistem akan mencoba menjaga waktu mulai pertandingan agar merata, dengan total waktu dari satu mulai ke mulai berikutnya adalah 2 × [Durasi Babak] + [Durasi Jeda Babak] + [Waktu Nominal Antar Pertandingan] (contoh: jika [Durasi Babak] = 15 menit, [Durasi Jeda Babak] = 3 menit, dan [Waktu Nominal Antar Pertandingan] = 12 menit, waktu dari mulai satu pertandingan ke berikutnya adalah 45 menit. Setiap time-out yang diambil, atau penghentian jam lainnya, akan mengurangi waktu 12 menit tersebut hingga mencapai nilai waktu minimum antar pertandingan).","Il sistema cercherà di mantenere i tempi di inizio partita equamente distanziati, con il tempo totale da un inizio all'altro pari a 2 × [Durata Tempo] + [Durata Intervallo] + [Tempo Nominale fra Partite] (esempio: se [Durata Tempo] = 15 min, [Durata Intervallo] = 3 min e [Tempo Nominale fra Partite] = 12 min, il tempo da inizio a inizio sarà 45 min. Eventuali time-out o altre interruzioni ridurranno i 12 min fino al raggiungimento del tempo minimo fra partite).",システムは試合開始時刻を均等に保つよう努めます。1試合の開始から次の試合の開始までの合計時間は、2 × [ハーフ時間] + [ハーフタイム時間] + [試合間基準時間] となります（例：[ハーフ時間] = 15分、[ハーフタイム時間] = 3分、[試合間基準時間] = 12分の場合、1試合の開始から次の試合まで45分。タイムアウトやその他のクロック停止があると、最小試合間時間に達するまで12分が短縮されます）。,"시스템은 경기 시작 시간을 균등하게 유지하려 합니다. 한 경기 시작부터 다음 경기 시작까지의 총 시간은 2 × [전반 시간] + [하프타임 시간] + [경기 간 기준 시간]입니다 (예: [전반 시간] = 15분, [하프타임 시간] = 3분, [경기 간 기준 시간] = 12분이면 한 경기 시작부터 다음 경기까지 45분. 타임아웃이나 기타 시계 정지 시 최소 경기 간 시간에 도달할 때까지 12분이 줄어듭니다).","Sistem akan cuba mengekalkan masa mula perlawanan secara sekata, dengan jumlah masa dari satu permulaan ke permulaan berikutnya ialah 2 × [Panjang Separuh] + [Panjang Rehat Separuh Masa] + [Masa Nominal Antara Perlawanan] (contoh: jika perlawanan mempunyai [Panjang Separuh] = 15m, [Panjang Rehat Separuh Masa] = 3m, dan [Masa Nominal Antara Perlawanan] = 12m, masa dari mula satu perlawanan ke perlawanan berikutnya ialah 45m. Sebarang masa rehat yang diambil, atau penghentian jam yang lain, akan mengurangkan masa 12m itu sehingga nilai masa minimum antara perlawanan dicapai).","Het systeem probeert de starttijden van wedstrijden gelijkmatig te verdelen. De totale tijd van de ene start tot de volgende is 2 × [Duur Helft] + [Duur Rust] + [Nominale Tijd Tussen Wedstrijden] (voorbeeld: als [Duur Helft] = 15 min, [Duur Rust] = 3 min en [Nominale Tijd] = 12 min, dan is de tijd van start tot start 45 min. Genomen time-outs of andere onderbrekingen verkorten de 12 min tot de minimale tijd tussen wedstrijden is bereikt).","O sistema tentará manter os horários de início dos jogos espaçados de forma uniforme, sendo o tempo total de um início ao seguinte igual a 2 × [Duração do Tempo] + [Duração do Intervalo] + [Tempo Nominal Entre Jogos] (exemplo: se [Duração do Tempo] = 15 min, [Duração do Intervalo] = 3 min e [Tempo Nominal Entre Jogos] = 12 min, o tempo de início a início será de 45 min. Os tempos de equipa ou outras paragens reduzirão os 12 min até ser atingido o tempo mínimo entre jogos).","ระบบจะพยายามรักษาเวลาเริ่มเกมให้เท่ากัน โดยเวลารวมจากการเริ่มหนึ่งไปอีกการเริ่มหนึ่งคือ 2 × [ความยาวครึ่ง] + [ความยาวพักครึ่ง] + [เวลาระหว่างเกมตามกำหนด] (ตัวอย่าง: ถ้า [ความยาวครึ่ง] = 15 นาที, [ความยาวพักครึ่ง] = 3 นาที และ [เวลาระหว่างเกมตามกำหนด] = 12 นาที เวลาจากการเริ่มเกมหนึ่งไปอีกเกมหนึ่งจะเป็น 45 นาที การพักทีมหรือการหยุดนาฬิกาอื่นๆ จะลดเวลา 12 นาทีลงจนถึงค่าเวลาระหว่างเกมขั้นต่ำ)","Susubukan ng sistema na panatilihing pantay ang mga oras ng simula ng laro, na ang kabuuang oras mula sa isang simula hanggang sa susunod ay 2 × [Haba ng Kalahati] + [Haba ng Pahinga] + [Nominal na Oras sa Pagitan ng mga Laro] (halimbawa: kung ang [Haba ng Kalahati] = 15 min, [Haba ng Pahinga] = 3 min at [Nominal na Oras sa Pagitan ng mga Laro] = 12 min, ang oras mula simula hanggang simula ay magiging 45 min. Ang anumang mga timeout o iba pang paghinto ng orasan ay magbabawas ng 12 min hanggang maabot ang pinakamaliit na oras sa pagitan ng mga laro).","Sistem, oyun başlangıç zamanlarını eşit aralıklı tutmaya çalışır. Bir başlangıçtan diğerine toplam süre 2 × [Devre Uzunluğu] + [Devre Arası Uzunluğu] + [Oyunlar Arası Nominal Süre] şeklindedir (örnek: [Devre Uzunluğu] = 15dk, [Devre Arası Uzunluğu] = 3dk ve [Oyunlar Arası Nominal Süre] = 12dk ise, bir oyunun başlangıcından diğerine kadar geçen süre 45dk olacaktır. Alınan molalar veya diğer saat duraklamaları, oyunlar arası minimum süreye ulaşılana kadar 12dk'yı kısaltacaktır).",系统将尽量保持比赛开始时间均匀分布，从一场比赛开始到下一场比赛开始的总时间为 2 × [半场时长] + [中场时长] + [名义场间时间]（例如：若[半场时长] = 15分钟、[中场时长] = 3分钟、[名义场间时间] = 12分钟，则从一场比赛开始到下一场的时间为45分钟。任何暂停或其他停钟操作都会缩短这12分钟，直到达到最短场间时间为止）。
min-break,MIN BREAK,PAUSE MINIMUM,DESCANSO MÍNIMO,MIN. PAUSE,JEDA MINIMUM,PAUSA MIN,最小休憩,최소 휴식,REHAT MINIMUM,MIN PAUZE,PAUSA MÍN,พักขั้นต่ำ,PINAKAMALIIT NA PAHINGA,MİNİMUM ARA,最短休息
min-time-btwn-games,"If a game runs longer than scheduled, this is the minimum time between games that the system will allot. If the games fall behind, the system will automatically try to catch up after subsequent games, always respecting this minimum time between games.","Si un match dure plus longtemps que prévu, ceci est le temps minimum entre les matchs que le système allouera. Si les matchs prennent du retard, le système essaiera automatiquement de rattraper après les matchs suivants, en respectant toujours ce temps minimum entre les matchs.","Si un juego dura más de lo programado, este es el tiempo mínimo entre juegos que el sistema asignará. Si los juegos se retrasan, el sistema intentará automáticamente reajustarse después de los juegos subsecuentes, siempre respetando este tiempo mínimo entre juegos.","Wenn ein Spiel länger dauert als geplant, ist dies die minimale Pause zwischen Spielen, die das System einplant. Bei Rückstand holt das System bei nachfolgenden Spielen auf und hält dabei stets diese Mindestpause ein.","Jika suatu pertandingan berjalan lebih lama dari jadwal, ini adalah waktu minimum antar pertandingan yang akan dialokasikan oleh sistem. Jika pertandingan tertunda, sistem akan secara otomatis mencoba mengejar pada pertandingan berikutnya, selalu menghormati waktu minimum antar pertandingan ini.","Se una partita dura più del previsto, questo è il tempo minimo fra le partite che il sistema assegnerà. Se le partite accumulano ritardo, il sistema cercherà di recuperare nelle partite successive, rispettando sempre questo tempo minimo.",試合が予定より長引いた場合、システムが確保する試合間の最小時間です。試合が遅れた場合、システムは後続の試合で自動的に追いつきを試みますが、常にこの最小試合間時間を守ります。,"경기가 예정보다 길어질 경우, 시스템이 할당하는 경기 간 최소 시간입니다. 경기가 지연되면 시스템이 이후 경기에서 자동으로 따라잡으며 항상 이 최소 경기 간 시간을 준수합니다.","Jika perlawanan berjalan lebih lama daripada yang dijadualkan, ini adalah masa minimum antara perlawanan yang akan diperuntukkan oleh sistem. Jika perlawanan tertangguh, sistem akan cuba mengejar secara automatik selepas perlawanan seterusnya, sentiasa mematuhi masa minimum antara perlawanan ini.","Als een wedstrijd langer duurt dan gepland, is dit de minimale tijd tussen wedstrijden die het systeem toestaat. Als wedstrijden uitlopen, probeert het systeem bij volgende wedstrijden in te halen, waarbij altijd deze minimale tijd wordt gerespecteerd.","Se um jogo durar mais do que o previsto, este é o tempo mínimo entre jogos que o sistema atribuirá. Se os jogos ficarem atrasados, o sistema tentará recuperar nos jogos seguintes, respeitando sempre este tempo mínimo.",หากเกมดำเนินนานกว่ากำหนด นี่คือเวลาระหว่างเกมขั้นต่ำที่ระบบจะจัดสรร หากเกมล่าช้า ระบบจะพยายามตามทันในเกมถัดไป โดยเคารพเวลาระหว่างเกมขั้นต่ำนี้เสมอ,"Kung ang isang laro ay mas matagal kaysa sa nakatakda, ito ang pinakamaliit na oras sa pagitan ng mga larong itatalaga ng sistema. Kung nahuhuli ang mga laro, awtomatikong susubukan ng sistema na makahabol sa mga susunod na laro, palaging iginagalang ang pinakamaliit na oras na ito sa pagitan ng mga laro.","Bir oyun planlanandan uzun sürerse, bu sistemin izin vereceği oyunlar arasındaki minimum süredir. Oyunlar geride kalırsa sistem, her zaman bu minimum süreye saygı göstererek sonraki oyunlarda yakalamaya otomatik olarak çalışacaktır.",若比赛超出预定时长，这是系统分配的场间最短时间。若比赛落后于计划，系统将在后续比赛中自动追赶，始终遵守此最短场间时间。
pre-ot-break-abreviated,PRE OT BREAK,P. PRÉ PROL.,DESCANSO PREVIO A LA PRORROGA,PAUSE VOR VERLÄNGERUNG,JEDA SEBELUM PW,PAUSA PRE SUPPL.,延長前休憩,연장전 전 휴식,REHAT PRA-MASA TAMBAHAN,PAUZE VOOR VERLENGING,PAUSA PRÉ PRORR,พักก่อนต่อเวลาพิเศษ,PAHINGA BAGO OT,UZATMA ÖNCESİ ARA,加时前休息
pre-sd-brk,"If overtime is enabled and needed, this is the length of the break between Second Half and Overtime First Half","Si les prolongations sont autorisées et nécessaires, ceci est la durée de la pause entre la deuxième mi-temps et la première mi-temps des prolongations","Si se habilita el tiempo extra y es necesario, esta es la duración del descanso entre la segunda y la primera mitad del tiempo extra","Wenn Verlängerung aktiviert und erforderlich ist, ist dies die Dauer der Pause zwischen der zweiten Halbzeit und der ersten Halbzeit der Verlängerung","Jika perpanjangan waktu diizinkan dan diperlukan, ini adalah durasi jeda antara Babak Kedua dan Babak Pertama Perpanjangan Waktu","Se i tempi supplementari sono abilitati e necessari, questa è la durata della pausa fra il Secondo Tempo e il Primo Tempo Supplementare",延長戦が許可されており必要な場合、これは第2ハーフと延長第1ハーフの間の休憩時間です,"연장전이 허용되고 필요한 경우, 이것은 후반과 연장 전반 사이의 휴식 시간입니다","Jika masa tambahan dibenarkan dan diperlukan, ini adalah panjang rehat antara Separuh Kedua dan Separuh Pertama Masa Tambahan","Als verlenging is ingeschakeld en nodig is, is dit de duur van de pauze tussen de tweede helft en de eerste helft van de verlenging","Se a prorrogação estiver ativada e for necessária, esta é a duração da pausa entre o Segundo Tempo e o Primeiro Tempo da Prorrogação",หากเปิดใช้การต่อเวลาพิเศษและจำเป็น นี่คือความยาวของการพักระหว่างครึ่งที่สองและครึ่งแรกของการต่อเวลาพิเศษ,"Kung pinahintulutan ang overtime at kinakailangan, ito ang haba ng pahinga sa pagitan ng Ikalawang Kalahati at ng Unang Kalahati ng Overtime","Uzatma etkinleştirilmişse ve gerekiyorsa, bu İkinci Devre ile Uzatma Birinci Devresi arasındaki ara süresinin uzunluğudur",若启用加时赛且需要加时，这是下半场与加时赛上半场之间的休息时长
ot-half-len,OT HALF LEN,PÉRIODE PROLONGATION,DURACIÓN DE LA MITAD DEL T/E,VERL. HALBZ. DAUER,DUR BABAK PW,DUR TEMPO SUPPL.,延長ハーフ時間,연장 전반 시간,PANJANG SEPARUH MASA TAMBAHAN,DUUR HELFT VERL,DUR TEMPO PRORR,ครึ่งต่อเวลาพิเศษ,HABA NG KALAHATI SA OT,UZATMA DEVRESİ,加时半场时长
time-during-ot,The length of a half during overtime,La durée d'une période pendant les prolongations,La duración de una mitad durante el tiempo extra,Die Dauer einer Halbzeit während der Verlängerung,Durasi satu babak selama perpanjangan waktu,La durata di un tempo durante i tempi supplementari,延長戦中のハーフの長さ,연장전 중 전반의 시간,Panjang separuh semasa masa tambahan,De duur van een helft tijdens de verlenging,A duração de um tempo durante a prorrogação,ความยาวของครึ่งเวลาระหว่างการต่อเวลาพิเศษ,Ang haba ng isang kalahati sa panahon ng overtime,Uzatma sırasında bir devrenin süresi,加时赛中每半场的时长
ot-half-tm-len,OT HLF TM LEN,DURÉE DE LA PAUSE A LA PROLONGATION,DURACIÓN DEL MEDIO TIEMPO DEL T/E,VERL. PAUSE DAUER,DUR JEDA PW,DUR INT SUPPL.,延長ハーフタイム時間,연장 하프타임 시간,PANJANG REHAT SEPARUH MASA TAMBAHAN,RUST VERL DUUR,DUR INT PRORR,พักครึ่งต่อเวลาพิเศษ,HABA NG PAHINGA SA OT,UZATMA DEVRE ARASI,加时中场时长
len-of-overtime-halftime,The length of Overtime Half Time,La durée de la mi-temps des prolongations,La duración del medio tiempo durante el tiempo extra,Die Dauer der Verlängerungspause,Durasi jeda babak perpanjangan waktu,La durata dell'intervallo supplementare,延長ハーフタイムの長さ,연장전 하프타임의 시간,Panjang rehat separuh masa tambahan,De duur van de rust tijdens de verlenging,A duração do intervalo da prorrogação,ความยาวของพักครึ่งเวลาต่อเวลาพิเศษ,Ang haba ng pahinga sa Overtime,Uzatma devre arasının süresi,加时赛中场休息的时长
pre-sd-break,PRE SD BREAK,PAUSE PRÉ M/S,DESCANSO PREVIO A MUERTE SÚBITA,PAUSE VOR PLÖTZL. TOD,JEDA SEBELUM SD,PAUSA PRE MORTE IMM.,SD前休憩,서든 데스 전 휴식,REHAT PRA-SUDDEN DEATH,PAUZE VOOR PLTS DOOD,PAUSA PRÉ MS,พักก่อนตายกะทันหัน,PAHINGA BAGO SD,ANİ ÖLÜM ÖNCESİ ARA,突然死亡前休息
pre-sd-len,The length of the break between the preceeding play period and Sudden Death,La durée de la pause entre la période de match précédente et la mort subite,La duración del descanso entre el período de juego precedente y la muerte súbita,Die Dauer der Pause zwischen dem vorherigen Spielabschnitt und dem Plötzlichen Tod,Durasi jeda antara periode permainan sebelumnya dan Sudden Death,La durata della pausa fra il periodo di gioco precedente e la Morte Improvvisa,直前のプレー期間とサドンデスの間の休憩時間,이전 경기 기간과 서든 데스 사이의 휴식 시간,Panjang rehat antara tempoh permainan sebelumnya dan Sudden Death,De duur van de pauze tussen het voorgaande speelgedeelte en Plotselinge Dood,A duração da pausa entre o período de jogo anterior e a Morte Súbita,ความยาวของการพักระหว่างช่วงเล่นก่อนหน้าและตายกะทันหัน,Ang haba ng pahinga sa pagitan ng nakaraang panahon ng laro at Sudden Death,Önceki oyun dönemi ile Ani Ölüm arasındaki ara süresinin uzunluğu,前一比赛阶段到突然死亡赛之间的休息时长
language,LANGUAGE,LANGUE,IDIOMA,SPRACHE,BAHASA,LINGUA,言語,언어,BAHASA,TAAL,IDIOMA,ภาษา,WIKA,DİL,语言
this-language,ENGLISH,FRANÇAIS,ESPAÑOL,DEUTSCH,INDONESIA,ITALIANO,日本語,한국어,BAHASA MELAYU,NEDERLANDS,PORTUGUÊS,ภาษาไทย,FILIPINO,TÜRKÇE,中文（简体）
portal-login-code,CODE,Code de connexion,Código de inicio de sesión,CODE,KODE,CODICE,コード,코드,KOD,CODE,CÓDIGO,รหัส,CODE,KOD,代码
portal-login-instructions,"Please go to the { $portal } Portal >> Event Management >> Referee Management, click on the + button to add a new Refbox, and enter this Refbox ID: { $id }","Veuillez aller sur le Portail { $portal } >> Gestion des Événements >> Gestion des Arbitres, cliquer sur le bouton + pour ajouter une nouvelle Refbox, et entrer cet ID Refbox : { $id }","Por favor, vaya a { $portal } Portal >> Gestión de Eventos >> Gestión de Árbitros, haga clic en el botón + para añadir un nuevo Refbox, e introduzca este ID de Refbox: { $id }","Gehen Sie zu { $portal } Portal >> Veranstaltungsverwaltung >> Schiedsrichterverwaltung, klicken Sie auf die + Schaltfläche, um eine neue Refbox hinzuzufügen, und geben Sie diese Refbox-ID ein: { $id }","Silakan buka { $portal } Portal >> Manajemen Acara >> Manajemen Wasit, klik tombol + untuk menambahkan Refbox baru, dan masukkan ID Refbox ini: { $id }","Vai su { $portal } Portal >> Gestione Evento >> Gestione Arbitri, clicca sul pulsante + per aggiungere un nuovo Refbox e inserisci questo ID Refbox: { $id }",{ $portal }ポータル >> 大会管理 >> 審判管理 へ進み、＋ボタンをクリックして新しいRefboxを追加し、このRefbox IDを入力してください: { $id },{ $portal } Portal >> 대회 관리 >> 심판 관리로 이동하여 + 버튼을 클릭해 새 Refbox를 추가하고 이 Refbox ID를 입력하세요: { $id },"Sila pergi ke { $portal } Portal >> Pengurusan Acara >> Pengurusan Pengadil, klik butang + untuk menambah Refbox baharu, dan masukkan ID Refbox ini: { $id }","Ga naar het { $portal }-portaal >> Evenementbeheer >> Scheidsrechterbeheer, klik op de + knop om een nieuwe Refbox toe te voegen en voer dit Refbox-ID in: { $id }","Aceda ao Portal { $portal } >> Gestão de Eventos >> Gestão de Árbitros, clique no botão + para adicionar um novo Refbox e introduza este ID de Refbox: { $id }",กรุณาไปที่ { $portal } Portal >> การจัดการกิจกรรม >> การจัดการผู้ตัดสิน คลิกปุ่ม + เพื่อเพิ่ม Refbox ใหม่ และป้อน Refbox ID นี้: { $id },"Pumunta sa { $portal } Portal >> Pamamahala ng Kaganapan >> Pamamahala ng Referee, i-click ang + na pindutan upang magdagdag ng bagong Refbox, at ilagay ang Refbox ID na ito: { $id }","Lütfen { $portal } Portal >> Event Management >> Referee Management bölümüne gidin, yeni bir Refbox eklemek için + düğmesine tıklayın ve bu Refbox kimliğini girin: { $id }",请前往{ $portal } Portal >> 赛事管理 >> 裁判管理，点击+按钮添加新的Refbox，并输入此Refbox ID： { $id }
help,HELP:,AIDE:,AYUDA:,HILFE:,BANTUAN:,AIUTO:,ヘルプ:,도움말:,BANTUAN:,HELP:,AJUDA:,ช่วยเหลือ:,TULONG:,YARDIM:,帮助：
game-configuration-can-not-be-changed,The game configuration can not be changed while a game is in progress.,La configuration du match ne peut pas être modifiée pendant qu'un match est en cours.,La configuración del juego no se puede cambiar mientras un juego está en progreso.,Die Spielkonfiguration kann während eines laufenden Spiels nicht geändert werden.,Konfigurasi pertandingan tidak dapat diubah saat pertandingan sedang berlangsung.,La configurazione della partita non può essere modificata mentre una partita è in corso.,試合進行中は試合設定を変更できません。,경기 진행 중에는 경기 설정을 변경할 수 없습니다.,Konfigurasi perlawanan tidak boleh diubah semasa perlawanan sedang berlangsung.,De wedstrijdconfiguratie kan niet worden gewijzigd terwijl een wedstrijd bezig is.,A configuração do jogo não pode ser alterada enquanto um jogo está em curso.,ไม่สามารถเปลี่ยนการตั้งค่าเกมได้ขณะที่เกมกำลังดำเนินอยู่,Hindi mababago ang configuration ng laro habang nagaganap ang laro.,"Oyun yapılandırması, bir oyun devam ederken değiştirilemez.",比赛进行中无法更改比赛配置。
apply-this-game-number-change,How would you like to apply this game number change?,Comment souhaitez-vous appliquer ce changement de numéro ?,¿Cómo te gustaría aplicar este cambio de número de juego?,Wie möchten Sie diese Spielnummernänderung anwenden?,Bagaimana Anda ingin menerapkan perubahan nomor pertandingan ini?,Come vuoi applicare questa modifica al numero di partita?,この試合番号の変更をどのように適用しますか？,이 경기 번호 변경을 어떻게 적용하시겠습니까?,Bagaimana anda ingin menerapkan perubahan nombor perlawanan ini?,Hoe wilt u deze wijziging van het wedstrijdnummer toepassen?,Como pretende aplicar esta alteração ao número de jogo?,คุณต้องการใช้การเปลี่ยนหมายเลขเกมนี้อย่างไร?,Paano mo nais ilapat ang pagbabago ng numero ng larong ito?,Bu oyun numarası değişikliğini nasıl uygulamak istersiniz?,您希望如何应用此比赛编号更改？
portal-enabled,"When { $portal }PORTAL is enabled, all fields must be filled out.","Lorsque { $portal }PORTAL est activé, tous les champs doivent être remplis.","Cuando { $portal }PORTAL está habilitado, todos los campos deben ser completados.","Wenn { $portal }PORTAL aktiviert ist, müssen alle Felder ausgefüllt werden.","Saat { $portal }PORTAL diaktifkan, semua kolom harus diisi.","Quando { $portal }PORTAL è abilitato, tutti i campi devono essere compilati.",{ $portal }Portalが有効な場合、すべての項目を入力する必要があります。,{ $portal }PORTAL이 활성화된 경우 모든 필드를 입력해야 합니다.,"Apabila { $portal }PORTAL diaktifkan, semua medan mesti diisi.","Als { $portal }PORTAL is ingeschakeld, moeten alle velden worden ingevuld.","Quando o { $portal }PORTAL está ativado, todos os campos têm de ser preenchidos.",เมื่อเปิดใช้ { $portal }PORTAL ต้องกรอกข้อมูลทุกช่อง,"Kapag pinagana ang { $portal }PORTAL, dapat mapunan ang lahat ng field.","{ $portal }PORTAL etkinleştirildiğinde, tüm alanlar doldurulmalıdır.",启用{ $portal }PORTAL时，所有字段必须填写。
mode-switch-portal-tenant,Changing mode from { $from_mode } to { $to_mode } will disable the link to { $from_portal }PORTAL and you must re-connect to { $to_portal }PORTAL.,Changer le mode de { $from_mode } à { $to_mode } désactivera le lien vers { $from_portal }PORTAL et vous devrez vous reconnecter à { $to_portal }PORTAL.,Cambiar el modo de { $from_mode } a { $to_mode } desactivará el enlace a { $from_portal }PORTAL y deberás volver a conectarte a { $to_portal }PORTAL.,"Wenn Sie den Modus von { $from_mode } zu { $to_mode } wechseln, wird die Verbindung zu { $from_portal }PORTAL getrennt und Sie müssen sich erneut mit { $to_portal }PORTAL verbinden.",Mengubah mode dari { $from_mode } ke { $to_mode } akan menonaktifkan tautan ke { $from_portal }PORTAL dan Anda harus menghubungkan kembali ke { $to_portal }PORTAL.,Cambiare modalità da { $from_mode } a { $to_mode } disabiliterà il collegamento a { $from_portal }PORTAL e sarà necessario ricollegarsi a { $to_portal }PORTAL.,モードを{ $from_mode }から{ $to_mode }に変更すると、{ $from_portal }PORTALへのリンクが無効になり、{ $to_portal }PORTALに再接続する必要があります。,모드를 { $from_mode }에서 { $to_mode }로 변경하면 { $from_portal }PORTAL 연결이 끊어지며 { $to_portal }PORTAL에 다시 연결해야 합니다.,Menukar mod daripada { $from_mode } kepada { $to_mode } akan menyahaktifkan pautan ke { $from_portal }PORTAL dan anda perlu menyambung semula ke { $to_portal }PORTAL.,Het wijzigen van de modus van { $from_mode } naar { $to_mode } verbreekt de verbinding met { $from_portal }PORTAL en u moet opnieuw verbinding maken met { $to_portal }PORTAL.,Alterar o modo de { $from_mode } para { $to_mode } desativará a ligação ao { $from_portal }PORTAL e terá de se ligar novamente ao { $to_portal }PORTAL.,การเปลี่ยนโหมดจาก { $from_mode } เป็น { $to_mode } จะปิดใช้งานการเชื่อมต่อกับ { $from_portal }PORTAL และคุณต้องเชื่อมต่อใหม่กับ { $to_portal }PORTAL,Ang pagbabago ng mode mula { $from_mode } patungong { $to_mode } ay magpapatay ng koneksyon sa { $from_portal }PORTAL at kailangan mong muling kumonekta sa { $to_portal }PORTAL.,Modu { $from_mode } yerine { $to_mode } olarak değiştirmek { $from_portal }PORTAL bağlantısını devre dışı bırakacak ve { $to_portal }PORTAL'a yeniden bağlanmanız gerekecektir.,将模式从{ $from_mode }更改为{ $to_mode }将断开与{ $from_portal }PORTAL的连接，您需要重新连接到{ $to_portal }PORTAL。
uwhportal-token-invalid-code,Invalid code entered. Please try again.,Code invalide. Veuillez réessayer.,"Código inválido. Por favor, inténtelo de nuevo.",Ungültiger Code eingegeben. Bitte erneut versuchen.,Kode yang dimasukkan tidak valid. Silakan coba lagi.,Codice inserito non valido. Riprova.,無効なコードが入力されました。 もう一度試してください。,잘못된 코드가 입력되었습니다. 다시 시도하세요.,Kod yang dimasukkan tidak sah. Sila cuba lagi.,Ongeldige code ingevoerd. Probeer het opnieuw.,Código introduzido inválido. Tente novamente.,รหัสที่ป้อนไม่ถูกต้อง โปรดลองอีกครั้ง,Maling code ang naipasok. Pakisubukan muli.,Geçersiz kod girildi. Lütfen tekrar deneyin.,输入的代码无效。 请重试。
uwhportal-token-no-pending-link,Portal not expecting a connection. Please try again.,Aucun lien en attente trouvé. Veuillez réessayer.,"No se encontró ningún enlace pendiente. Por favor, inténtelo de nuevo.",Portal erwartet keine Verbindung. Bitte erneut versuchen.,Portal tidak mengharapkan koneksi. Silakan coba lagi.,Il portale non si aspetta una connessione. Riprova.,ポータルは接続を待っていません。 もう一度試してください。,Portal이 연결을 기다리지 않습니다. 다시 시도하세요.,Portal tidak menjangka sambungan. Sila cuba lagi.,Portaal verwacht geen verbinding. Probeer het opnieuw.,O portal não está à espera de uma ligação. Tente novamente.,พอร์ทัลไม่รอการเชื่อมต่อ โปรดลองอีกครั้ง,Hindi inaasahan ng Portal ang isang koneksyon. Pakisubukan muli.,Portal bir bağlantı beklemiyordur. Lütfen tekrar deneyin.,Portal未等待连接。 请重试。
go-back-to-editor,GO BACK TO EDITOR,RETOURNER À L'ÉDITEUR,VOLVER AL EDITOR,ZURÜCK ZUM EDITOR,KEMBALI KE EDITOR,TORNA ALL'EDITOR,編集画面に戻る,편집기로 돌아가기,KEMBALI KE EDITOR,TERUG NAAR EDITOR,VOLTAR AO EDITOR,กลับไปยังตัวแก้ไข,BUMALIK SA EDITOR,DÜZENLEYICIYE GERİ DÖN,返回编辑器
discard-changes,DISCARD CHANGES,ANNULER LES MODIFICATIONS,DESCARTAR CAMBIOS,ÄNDERUNGEN VERWERFEN,BUANG PERUBAHAN,SCARTA MODIFICHE,変更を破棄,변경 사항 버리기,BUANG PERUBAHAN,WIJZIGINGEN VERWERPEN,DESCARTAR ALTERAÇÕES,ยกเลิกการเปลี่ยนแปลง,ITAPON ANG MGA PAGBABAGO,DEĞİŞİKLİKLERİ İPTAL ET,放弃更改
end-current-game-and-apply-changes,END CURRENT GAME AND APPLY CHANGES,TERMINER LE MATCH EN COURS ET APPLIQUER LES MODIFICATIONS,TERMINAR EL JUEGO ACTUAL Y APLICAR CAMBIOS,AKTUELLES SPIEL BEENDEN UND ÄNDERUNGEN ÜBERNEHMEN,AKHIRI PERTANDINGAN DAN TERAPKAN PERUBAHAN,TERMINA PARTITA E APPLICA MODIFICHE,現在の試合を終了して変更を適用,현재 경기 종료 및 변경 사항 적용,TAMATKAN PERLAWANAN SEMASA DAN GUNA PERUBAHAN,HUIDIGE WEDSTRIJD BEËINDIGEN EN WIJZIGINGEN TOEPASSEN,TERMINAR JOGO ATUAL E APLICAR ALTERAÇÕES,สิ้นสุดเกมปัจจุบันและใช้การเปลี่ยนแปลง,TAPUSIN ANG KASALUKUYANG LARO AT ILAPAT ANG MGA PAGBABAGO,MEVCUT OYUNU BİTİR VE DEĞİŞİKLİKLERİ UYGULA,结束当前比赛并应用所有更改
end-current-game-and-apply-change,END CURRENT GAME AND APPLY CHANGE,TERMINER LE MATCH EN COURS ET APPLIQUER LE CHANGEMENT,TERMINAR EL JUEGO ACTUAL Y APLICAR CAMBIO,AKTUELLES SPIEL BEENDEN UND ÄNDERUNG ÜBERNEHMEN,AKHIRI PERTANDINGAN DAN TERAPKAN PERUBAHAN,TERMINA PARTITA E APPLICA MODIFICA,現在の試合を終了して変更を適用,현재 경기 종료 및 변경 사항 적용,TAMATKAN PERLAWANAN SEMASA DAN GUNA PERUBAHAN,HUIDIGE WEDSTRIJD BEËINDIGEN EN WIJZIGING TOEPASSEN,TERMINAR JOGO ATUAL E APLICAR ALTERAÇÃO,สิ้นสุดเกมปัจจุบันและใช้การเปลี่ยนแปลง,TAPUSIN ANG KASALUKUYANG LARO AT ILAPAT ANG PAGBABAGO,MEVCUT OYUNU BİTİR VE DEĞİŞİKLİĞİ UYGULA,结束当前比赛并应用更改
keep-current-game-and-apply-change,KEEP CURRENT GAME AND APPLY CHANGE,GARDER LE MATCH EN COURS ET APPLIQUER LE CHANGEMENT,MANTENER EL JUEGO ACTUAL Y APLICAR CAMBIO,AKTUELLES SPIEL BEHALTEN UND ÄNDERUNG ÜBERNEHMEN,LANJUTKAN PERTANDINGAN DAN TERAPKAN PERUBAHAN,MANTIENI PARTITA E APPLICA MODIFICA,現在の試合を続けて変更を適用,현재 경기 유지 및 변경 사항 적용,KEKALKAN PERLAWANAN SEMASA DAN GUNA PERUBAHAN,HUIDIGE WEDSTRIJD BEWAREN EN WIJZIGING TOEPASSEN,MANTER JOGO ATUAL E APLICAR ALTERAÇÃO,เก็บเกมปัจจุบันและใช้การเปลี่ยนแปลง,PANATILIHIN ANG KASALUKUYANG LARO AT ILAPAT ANG PAGBABAGO,MEVCUT OYUNU DEVAM ETTİR VE DEĞİŞİKLİĞİ UYGULA,保留当前比赛并应用更改
ok,OK,OK,OK,OK,OKE,OK,OK,확인,OK,OK,OK,ตกลง,OK,TAMAM,确定
confirm-score,Is this score correct? Confirm with chief referee.,Ce score est-il correct ? Confirmer avec l'arbitre en chef.,¿Es correcto este puntaje? Confirma con el árbitro principal.,Ist dieser Spielstand korrekt? Mit dem Hauptschiedsrichter bestätigen.,Apakah skor ini sudah benar? Konfirmasi dengan wasit kepala.,Il punteggio è corretto? Conferma con il capo arbitro.,このスコアは正しいですか？ 主審に確認してください。,이 점수가 맞습니까? 주심과 확인하세요.,Adakah markah ini betul? Sahkan dengan ketua pengadil.,Is deze score correct? Bevestig met de hoofdscheidsrechter.,Este resultado está correto? Confirme com o árbitro principal.,คะแนนนี้ถูกต้องหรือไม่? ยืนยันกับหัวหน้าผู้ตัดสิน,Tama ba ang puntosing ito? Kumpirmahin sa punong referee.,Bu skor doğru mu? Başhakem ile onaylayın.,此比分是否正确？ 请与主裁判确认。
yes,YES,OUI,SI,JA,YA,SÌ,はい,예,YA,JA,SIM,ใช่,OO,EVET,是
no,NO,NON,NO,NEIN,TIDAK,NO,いいえ,아니요,TIDAK,NEE,NÃO,ไม่,HINDI,HAYIR,否
equal,EQUAL,ÉGAL,IGUAL,GLEICH,SERI,PARI,同点,동등,SAMA,GELIJK,IGUAL,เท่ากัน,PANTAY,EŞİT,相等
refresh,REFRESH,RAFRAÎCHIR,RECARGAR,AKTUALISIEREN,SEGARKAN,AGGIORNA,更新,새로고침,MUAT SEMULA,VERNIEUWEN,ATUALIZAR,รีเฟรช,I-REFRESH,YENİLE,刷新
refreshing,REFRESHING...,RAFRAÎCHISSANT...,RECARGANDO...,WIRD AKTUALISIERT...,MENYEGARKAN...,AGGIORNAMENTO...,更新中...,새로고침 중...,MEMUAT SEMULA...,VERNIEUWEN...,A ATUALIZAR...,กำลังรีเฟรช...,NIRI-REFRESH...,YENİLENİYOR...,刷新中...
settings,SETTINGS,PARAMÈTRES,CONFIGURACIÓN,EINSTELLUNGEN,PENGATURAN,IMPOSTAZIONI,設定,설정,TETAPAN,INSTELLINGEN,DEFINIÇÕES,การตั้งค่า,MGA SETTING,AYARLAR,设置
none,None,Aucun,Ninguno,Keine,Tidak Ada,Nessuno,なし,없음,Tiada,Geen,Nenhum,ไม่มี,Wala,Yok,无
game-number-error,Error ({ $game_number }),Erreur ({ $game_number }),Error ({ $game_number }),Fehler ({ $game_number }),Galat ({ $game_number }),Errore ({ $game_number }),エラー ({ $game_number }),오류 ({ $game_number }),Ralat ({ $game_number }),Fout ({ $game_number }),Erro ({ $game_number }),ข้อผิดพลาด ({ $game_number }),Error ({ $game_number }),Hata ({ $game_number }),错误（{ $game_number }）
next-game-number-error,Error ({ $next_game_number }),Erreur ({ $next_game_number }),Error ({ $next_game_number }),Fehler ({ $next_game_number }),Galat ({ $next_game_number }),Errore ({ $next_game_number }),エラー ({ $next_game_number }),오류 ({ $next_game_number }),Ralat ({ $next_game_number }),Fout ({ $next_game_number }),Erro ({ $next_game_number }),ข้อผิดพลาด ({ $next_game_number }),Error ({ $next_game_number }),Hata ({ $next_game_number }),错误（{ $next_game_number }）
last-game-next-game | two-games,"Last Game: { $prev_game }, Next Game: { $next_game }","Dernier Match: { $prev_game }, Prochain Match: { $next_game }","Último partido: { $prev_game }, Próximo Juego: { $next_game }","Letztes Spiel: { $prev_game }, Nächstes Spiel: { $next_game }","Pertandingan Terakhir: { $prev_game }, Pertandingan Berikutnya: { $next_game }","Ultima Partita: { $prev_game }, Prossima Partita: { $next_game }","前の試合: { $prev_game }, 次の試合: { $next_game }","이전 경기: { $prev_game }, 다음 경기: { $next_game }","Perlawanan Lepas: { $prev_game }, Perlawanan Seterusnya: { $next_game }","Vorige Wedstrijd: { $prev_game }, Volgende Wedstrijd: { $next_game }","Último Jogo: { $prev_game }, Próximo Jogo: { $next_game }","เกมที่แล้ว: { $prev_game }, เกมถัดไป: { $next_game }","Huling Laro: { $prev_game }, Susunod na Laro: { $next_game }","Önceki Oyun: { $prev_game }, Sonraki Oyun: { $next_game }",上场：{ $prev_game }， 下场：{ $next_game }
black-team-white-team,Black Team: { $black_team } White Team: { $white_team },Équipe Noire: { $black_team } Équipe Blanche: { $white_team },Equipo Negro: { $black_team } Equipo Blanco: { $white_team },Schwarze Mannschaft: { $black_team } Weiße Mannschaft: { $white_team },Tim Hitam: { $black_team } Tim Putih: { $white_team },Squadra Nera: { $black_team } Squadra Bianca: { $white_team },黒チーム: { $black_team } 白チーム: { $white_team },검정 팀: { $black_team } 흰 팀: { $white_team },Pasukan Hitam: { $black_team } Pasukan Putih: { $white_team },Donker Team: { $black_team } Licht Team: { $white_team },Equipa Preta: { $black_team } Equipa Branca: { $white_team },ทีมดำ: { $black_team } ทีมขาว: { $white_team },Koponan ng Itim: { $black_team } Koponan ng Puti: { $white_team },Siyah Takım: { $black_team } Beyaz Takım: { $white_team },黑队：{ $black_team } 白队：{ $white_team }
game-length-ot-allowed,Half Length: { $half_length } Half Time Length: { $half_time_length } Overtime Allowed: { $overtime },Durée de la période: { $half_length } Durée de la mi-temps: { $half_time_length } Prolongations Autorisées: { $overtime },Duración de una mitad: { $half_length } Duración del medio tiempo: { $half_time_length } Tiempo extra habilitado: { $overtime },Halbzeitdauer: { $half_length } Halbzeitpausendauer: { $half_time_length } Verlängerung Erlaubt: { $overtime },Durasi Babak: { $half_length } Durasi Jeda Babak: { $half_time_length } Perpanjangan Waktu Diizinkan: { $overtime },Durata Tempo: { $half_length } Durata Intervallo: { $half_time_length } Tempi Suppl. Consentiti: { $overtime },ハーフ時間: { $half_length } ハーフタイム時間: { $half_time_length } 延長戦許可: { $overtime },전반 시간: { $half_length } 하프타임 시간: { $half_time_length } 연장전 허용: { $overtime },Panjang Separuh: { $half_length } Panjang Rehat Separuh Masa: { $half_time_length } Masa Tambahan Dibenarkan: { $overtime },Duur Helft: { $half_length } Duur Rust: { $half_time_length } Verlenging Toegestaan: { $overtime },Duração do Tempo: { $half_length } Duração do Intervalo: { $half_time_length } Prorrogação Permitida: { $overtime },ความยาวครึ่ง: { $half_length } ความยาวพักครึ่ง: { $half_time_length } อนุญาตต่อเวลาพิเศษ: { $overtime },Haba ng Kalahati: { $half_length } Haba ng Pahinga: { $half_time_length } Overtime Pinahintulutan: { $overtime },Devre Süresi: { $half_length } Devre Arası Süresi: { $half_time_length } Uzatma İzin Verildi: { $overtime },半场时长：{ $half_length } 中场时长：{ $half_time_length } 允许加时赛：{ $overtime }
overtime-details,Pre-Overtime Break Length: { $pre_overtime } Overtime Half Length: { $overtime_len } Overtime Half Time Length: { $overtime_half_time_len },Durée de la pause avant les prolongations: { $pre_overtime } Durée de la période des prolongations: { $overtime_len } Durée de la mi-temps des prolongations: { $overtime_half_time_len },Duración del descanso previo al tiempo extra: { $pre_overtime } Duración de la mitad del tiempo extra: { $overtime_len } Duración del medio tiempo extra: { $overtime_half_time_len },Pause vor Verlängerung: { $pre_overtime } Halbzeitdauer Verlängerung: { $overtime_len } Halbzeitpausendauer Verlängerung: { $overtime_half_time_len },Durasi Jeda Sebelum Perpanjangan Waktu: { $pre_overtime } Durasi Babak Perpanjangan Waktu: { $overtime_len } Durasi Jeda Perpanjangan Waktu: { $overtime_half_time_len },Durata Pausa Pre-Supplementari: { $pre_overtime } Durata Tempo Supplementare: { $overtime_len } Durata Intervallo Supplementare: { $overtime_half_time_len },延長前休憩時間: { $pre_overtime } 延長ハーフ時間: { $overtime_len } 延長ハーフタイム時間: { $overtime_half_time_len },연장전 전 휴식 시간: { $pre_overtime } 연장 전반 시간: { $overtime_len } 연장 하프타임 시간: { $overtime_half_time_len },Panjang Rehat Pra-Masa Tambahan: { $pre_overtime } Panjang Separuh Masa Tambahan: { $overtime_len } Panjang Rehat Separuh Masa Tambahan: { $overtime_half_time_len },Duur Pauze Voor Verlenging: { $pre_overtime } Duur Helft Verlenging: { $overtime_len } Duur Rust Verlenging: { $overtime_half_time_len },Duração da Pausa Pré-Prorrogação: { $pre_overtime } Duração do Tempo de Prorrogação: { $overtime_len } Duração do Intervalo de Prorrogação: { $overtime_half_time_len },ความยาวพักก่อนต่อเวลาพิเศษ: { $pre_overtime } ความยาวครึ่งต่อเวลาพิเศษ: { $overtime_len } ความยาวพักครึ่งต่อเวลาพิเศษ: { $overtime_half_time_len },Haba ng Pahinga Bago Overtime: { $pre_overtime } Haba ng Kalahati sa Overtime: { $overtime_len } Haba ng Pahinga sa Overtime: { $overtime_half_time_len },Uzatma Öncesi Ara Süresi: { $pre_overtime } Uzatma Devre Süresi: { $overtime_len } Uzatma Devre Arası Süresi: { $overtime_half_time_len },加时前休息时长：{ $pre_overtime } 加时赛半场时长：{ $overtime_len } 加时赛中场时长：{ $overtime_half_time_len }
sd-allowed,Sudden Death Allowed: { $sd },Mort Subite Autorisée: { $sd },Muerte súbita habilitada: { $sd },Plötzlicher Tod Erlaubt: { $sd },Sudden Death Diizinkan: { $sd },Morte Improvvisa Consentita: { $sd },サドンデス許可: { $sd },서든 데스 허용: { $sd },Sudden Death Dibenarkan: { $sd },Plotselinge Dood Toegestaan: { $sd },Morte Súbita Permitida: { $sd },อนุญาตตายกะทันหัน: { $sd },Sudden Death Pinahintulutan: { $sd },Ani Ölüm İzin Verildi: { $sd },允许突然死亡：{ $sd }
pre-sd,Pre-Sudden-Death Break Length: { $pre_sd_len },Durée de la pause avant la mort subite: { $pre_sd_len },Duración del descanso previo a la muerte súbita: { $pre_sd_len },Pause vor Plötzlichem Tod: { $pre_sd_len },Durasi Jeda Sebelum Sudden Death: { $pre_sd_len },Durata Pausa Pre-Morte Improvvisa: { $pre_sd_len },サドンデス前休憩時間: { $pre_sd_len },서든 데스 전 휴식 시간: { $pre_sd_len },Panjang Rehat Pra-Sudden Death: { $pre_sd_len },Duur Pauze Voor Plotselinge Dood: { $pre_sd_len },Duração da Pausa Pré-Morte Súbita: { $pre_sd_len },ความยาวพักก่อนตายกะทันหัน: { $pre_sd_len },Haba ng Pahinga Bago Sudden Death: { $pre_sd_len },Ani Ölüm Öncesi Ara Süresi: { $pre_sd_len },突然死亡前休息时长：{ $pre_sd_len }
team-to-len,Team Timeout Duration: { $to_len },Durée du Temps Mort d'Équipe: { $to_len },Duración del tiempo muerto de equipo: { $to_len },Mannschafts-Auszeit Dauer: { $to_len },Durasi Time-out Tim: { $to_len },Durata Time-out di Squadra: { $to_len },チームタイムアウト時間: { $to_len },팀 타임아웃 시간: { $to_len },Tempoh Masa Rehat Pasukan: { $to_len },Duur Team Time-out: { $to_len },Duração do Tempo de Equipa: { $to_len },ระยะเวลาพักทีม: { $to_len },Tagal ng Timeout ng Koponan: { $to_len },Takım Molası Süresi: { $to_len },队伍暂停时长：{ $to_len }
time-btwn-games,Nominal Time Between Games: { $time_btwn },Temps Entre les Matchs: { $time_btwn },Tiempo nominal entre partidos: { $time_btwn },Nominale Spielpause: { $time_btwn },Waktu Nominal Antar Pertandingan: { $time_btwn },Tempo Nominale fra Partite: { $time_btwn },試合間基準時間: { $time_btwn },경기 간 기준 시간: { $time_btwn },Masa Nominal Antara Perlawanan: { $time_btwn },Nominale Tijd Tussen Wedstrijden: { $time_btwn },Tempo Nominal Entre Jogos: { $time_btwn },เวลาระหว่างเกมตามกำหนด: { $time_btwn },Nominal na Oras sa Pagitan ng mga Laro: { $time_btwn },Oyunlar Arası Nominal Süre: { $time_btwn },名义场间时间：{ $time_btwn }
min-brk-btwn-games,Minimum Time Between Games: { $min_brk_time },Temps Minimum Entre les Matchs: { $min_brk_time },Tiempo mínimo entre partidos: { $min_brk_time },Minimale Spielpause: { $min_brk_time },Waktu Minimum Antar Pertandingan: { $min_brk_time },Tempo Minimo fra Partite: { $min_brk_time },試合間最小時間: { $min_brk_time },경기 간 최소 시간: { $min_brk_time },Masa Minimum Antara Perlawanan: { $min_brk_time },Minimale Tijd Tussen Wedstrijden: { $min_brk_time },Tempo Mínimo Entre Jogos: { $min_brk_time },เวลาระหว่างเกมขั้นต่ำ: { $min_brk_time },Pinakamaliit na Oras sa Pagitan ng mga Laro: { $min_brk_time },Oyunlar Arası Minimum Süre: { $min_brk_time },最短场间时间：{ $min_brk_time }
select-event,SELECT EVENT,SÉLECTIONNER LE EVÉNEMENT,SELECCIONAR EVENTO,VERANSTALTUNG AUSWÄHLEN,PILIH ACARA,SELEZIONA EVENTO,大会を選択,대회 선택,PILIH ACARA,EVENEMENT SELECTEREN,SELECIONAR EVENTO,เลือกกิจกรรม,PUMILI NG KAGANAPAN,ETKİNLİK SEÇ,选择赛事
select-court,SELECT COURT,SÉLECTIONNER LE TERRAIN,SELECCIONAR CANCHA,FELD AUSWÄHLEN,PILIH LAPANGAN,SELEZIONA CAMPO,コートを選択,코트 선택,PILIH GELANGGANG,BAAN SELECTEREN,SELECIONAR CAMPO,เลือกสนาม,PUMILI NG KORTE,SAHA SEÇ,选择球场
select-game,SELECT GAME,SÉLECTIONNER LE MATCH,SELECCIONAR PARTIDO,SPIEL AUSWÄHLEN,PILIH PERTANDINGAN,SELEZIONA PARTITA,試合を選択,경기 선택,PILIH PERLAWANAN,WEDSTRIJD SELECTEREN,SELECIONAR JOGO,เลือกเกม,PUMILI NG LARO,OYUN SEÇ,选择比赛
add-warning,ADD WARNING,AJOUTER UN AVERT.,AÑADIR AVISO,VERWARNUNG HINZUFÜGEN,TAMBAH PERINGATAN,AGGIUNGI AMMONIZIONE,警告追加,경고 추가,TAMBAH AMARAN,WAARSCHUWING TOEVOEGEN,ADICIONAR AVISO,เพิ่มการเตือน,MAGDAGDAG NG BABALA,UYARI EKLE,添加警告
add-foul,ADD FOUL,AJOUTER UNE FAUTE,AÑADIR FALTA,FOUL HINZUFÜGEN,TAMBAH PELANGGARAN,AGGIUNGI FALLO,反則追加,반칙 추가,TAMBAH KESALAHAN,OVERTREDING TOEVOEGEN,ADICIONAR FALTA,เพิ่มฟาวล์,MAGDAGDAG NG POUL,FAUL EKLE,添加犯规
start-now,START NOW,COMMENCER MAINTENANT,EMPEZAR,JETZT STARTEN,MULAI SEKARANG,INIZIA ORA,今すぐ開始,지금 시작,MULA SEKARANG,NU STARTEN,INICIAR AGORA,เริ่มเลย,MAGSIMULA NA,ŞİMDİ BAŞLAT,立即开始
end-timeout,END TIMEOUT,FIN DU TEMPS MORT,TERMINAR TIEMPO MUERTO,AUSZEIT BEENDEN,AKHIRI TIME-OUT,FINE TIME-OUT,タイムアウト終了,타임아웃 종료,TAMAT MASA REHAT,TIME-OUT BEËINDIGEN,TERMINAR TEMPO DE EQUIPA,สิ้นสุดพักทีม,TAPUSIN ANG TIMEOUT,MOLAYI BİTİR,结束暂停
warnings,WARNINGS,AVERTISSEMENTS (AVERT.),AVISOS,VERWARNUNGEN,PERINGATAN,AMMONIZIONI,警告,경고,AMARAN,WAARSCHUWINGEN,AVISOS,การเตือน,MGA BABALA,UYARILAR,警告
penalties,PENALTIES,PÉNALITÉS,EXPULSIONES,STRAFZEITEN,PENALTI,PENALITÀ,退水,페널티,PENALTI,UITSLUITINGEN,PENALIDADES,โทษ,MGA PARUSA,CEZALAR,罚时记录
dark-score-line-1 | light-score-line-1,SCORE,SCORE,PUNTUACIÓN,TORE,SKOR,PUNTEGGIO,得点,점수,MARKAH,SCORE,RESULTADO,คะแนน,PUNTOS,SKOR,比分
dark-score-line-2 | dark-timeout-line-1,{ dark-team-name-caps },{ dark-team-name-caps },{ dark-team-name-caps },{ dark-team-name-caps },{ dark-team-name-caps },{ dark-team-name-caps },{ dark-team-name-caps },{ dark-team-name-caps },{ dark-team-name-caps },{ dark-team-name-caps },{ dark-team-name-caps },{ dark-team-name-caps },{ dark-team-name-caps },{ dark-team-name-caps },{ dark-team-name-caps }
light-score-line-2 | light-timeout-line-1,{ light-team-name-caps },{ light-team-name-caps },{ light-team-name-caps },{ light-team-name-caps },{ light-team-name-caps },{ light-team-name-caps },{ light-team-name-caps },{ light-team-name-caps },{ light-team-name-caps },{ light-team-name-caps },{ light-team-name-caps },{ light-team-name-caps },{ light-team-name-caps },{ light-team-name-caps },{ light-team-name-caps }
black-penalties,BLACK PENALTIES,PÉNALITÉS NOIR,EXPULSIONES E. NEGRO,STRAFZEITEN SCHWARZ,PENALTI HITAM,PENALITÀ NERI,黒チーム退水,검정 팀 페널티,PENALTI HITAM,UITSLUITINGEN DONKER,PENALIDADES PRETA,โทษทีมดำ,MGA PARUSA NG ITIM,SİYAH CEZALAR,黑队罚时记录
white-penalties,WHITE PENALTIES,PÉNALITÉS BLANC,EXPULSIONES E. BLANCO,STRAFZEITEN WEISS,PENALTI PUTIH,PENALITÀ BIANCHI,白チーム退水,흰 팀 페널티,PENALTI PUTIH,UITSLUITINGEN LICHT,PENALIDADES BRANCA,โทษทีมขาว,MGA PARUSA NG PUTI,BEYAZ CEZALAR,白队罚时记录
final-score,Please enter the final score,Veuillez entrer le score final,Por favor ingrese la puntuación final,Bitte Endergebnis eingeben,Masukkan skor akhir,Inserisci il punteggio finale,最終スコアを入力してください,최종 점수를 입력하세요,Sila masukkan markah akhir,Voer de eindstand in,Introduza o resultado final,กรุณาป้อนคะแนนสุดท้าย,Pakilagay ang panghuling puntos,Lütfen final skorunu girin,请输入最终比分
confirmation-count-down,Note: The unchanged score will be automatically confirmed in { $countdown },Note : Le score inchangé sera automatiquement confirmé dans { $countdown },Nota: La puntuación no modificada se confirmará automáticamente en { $countdown },Hinweis: Der unveränderte Spielstand wird in { $countdown } automatisch bestätigt,Catatan: Skor yang tidak berubah akan dikonfirmasi secara otomatis dalam { $countdown },Nota: Il punteggio invariato sarà confermato automaticamente tra { $countdown },注意: 変更されていないスコアは { $countdown } 後に自動的に確定されます,참고: 변경되지 않은 점수는 { $countdown } 후 자동으로 확인됩니다,Nota: Markah yang tidak diubah akan disahkan secara automatik dalam { $countdown },Opmerking: De ongewijzigde score wordt automatisch bevestigd over { $countdown },Nota: O resultado inalterado será confirmado automaticamente em { $countdown },หมายเหตุ: คะแนนที่ไม่เปลี่ยนแปลงจะได้รับการยืนยันอัตโนมัติใน { $countdown },Tandaan: Ang hindi nabagong puntos ay awtomatikong makukumpirma sa loob ng { $countdown },Not: Değiştirilmemiş skor { $countdown } içinde otomatik olarak onaylanacaktır,注意：未修改的比分将在 { $countdown } 后自动确认
end-timeout-line-1,END,FIN,TERMINAR,AUSZEIT,AKHIRI,FINE,終了,종료,TAMAT,TIME-OUT,TERMINAR,สิ้นสุด,TAPUSIN ANG,MOLAYI,结束
end-timeout-line-2 | ref-timeout-line-2 | dark-timeout-line-2 | light-timeout-line-2,{ timeout },{ timeout },{ ref },{ timeout },{ timeout },{ timeout },{ timeout },{ timeout },{ timeout },{ timeout },{ timeout },{ timeout },{ timeout },{ timeout },{ timeout }
switch-to,SWITCH TO,PASSER À,CAMBIAR A,WECHSELN ZU,BERALIH KE,PASSA A,切替,전환,TUKAR KE,OVERSCHAKELEN NAAR,MUDAR PARA,สลับไป,LUMIPAT SA,GEÇİŞ YAP,切换至
ref,REF,ARBITRE,ÁRBITRO,SCHIRI,WASIT,ARBITRO,審判,심판,PENGADIL,SCHEIDSRECHTER,ÁRBITRO,ผู้ตัดสิน,REF,HAKEM,裁判
ref-timeout-line-1,{ ref },{ timeout },{ timeout },{ ref },{ ref },{ ref },{ ref },{ ref },{ ref },{ ref },{ ref },{ ref },{ ref },{ ref },{ ref }
penalty-shot-line-1,PENALTY,TIR DE,TIRO,STRAF-,TEMBAKAN,TIRO DI,ペナルティー,페널티,TEMBAKAN,STRAF-,TIRO DE,การยิง,PENALTY,CEZA,罚球
penalty-shot-line-2,SHOT,PÉNALITÉ,PENAL,STOSS,PENALTI,RIGORE,ショット,샷,PENALTI,SCHOT,PENALIDADE,ลูกโทษ,SHOT,ATIŞI,射门
pen-shot,PEN SHOT,TIR DE PÉNALITÉ,TIRO PENAL,STRAFSTOSS,TBK PENALTI,TIRO RIG.,ペナルティーショット,페널티 샷,TMBN PENALTI,STRAFSCHOT,TIRO PENAL,ยิงโทษ,PENALTY SHOT,CEZA ATIŞI,罚球射门
served,Served,Servi,Servido,Verbüßt,Dijalani,Scontata,執行済,집행됨,Dilaksanakan,Uitgezeten,Cumprida,รับโทษแล้ว,Naisilbi,Tamamlandı,已执行
penalty,"#{$player_number} - {$time -> [pending] Pending [served] Served [total-dismissal] Dismissed *[number] {$time} } {$time -> [total-dismissal] {""""} *[other] ({$kind -> *[any] { penalty-kind } }) }","#{$player_number} - {$time -> [pending] En Attente [served] Servi [total-dismissal] Expulsé *[number] {$time} } {$time -> [total-dismissal] {""""} *[other] ({$kind -> *[any] { penalty-kind } }) }","#{$player_number} - {$time -> [pending] Pendiente [served] Servido [total-dismissal] Descartado *[number] {$time} } {$time -> [total-dismissal] {""""} *[other] ({$kind -> *[any] { penalty-kind } }) }","#{$player_number} - {$time -> [pending] Ausstehend [served] Verbüßt [total-dismissal] Platzverweis *[number] {$time} } {$time -> [total-dismissal] {""""} *[other] ({$kind -> *[any] { penalty-kind } }) }","#{$player_number} - {$time -> [pending] Menunggu [served] Dijalani [total-dismissal] Dikeluarkan *[number] {$time} } {$time -> [total-dismissal] {""""} *[other] ({$kind -> *[any] { penalty-kind } }) }","#{$player_number} - {$time -> [pending] In attesa [served] Scontata [total-dismissal] Espulso *[number] {$time} } {$time -> [total-dismissal] {""""} *[other] ({$kind -> *[any] { penalty-kind } }) }","#{$player_number} - {$time -> [pending] 保留中 [served] 執行済 [total-dismissal] 退場 *[number] {$time} } {$time -> [total-dismissal] {""""} *[other] ({$kind -> *[any] { penalty-kind } }) }","#{$player_number} - {$time -> [pending] 대기 중 [served] 집행됨 [total-dismissal] 완전 퇴장 *[number] {$time} } {$time -> [total-dismissal] {""""} *[other] ({$kind -> *[any] { penalty-kind } }) }","#{$player_number} - {$time -> [pending] Menunggu [served] Dilaksanakan [total-dismissal] Disingkirkan *[number] {$time} } {$time -> [total-dismissal] {""""} *[other] ({$kind -> *[any] { penalty-kind } }) }","#{$player_number} - {$time -> [pending] In behandeling [served] Uitgezeten [total-dismissal] Definitief uitgesloten *[number] {$time} } {$time -> [total-dismissal] {""""} *[other] ({$kind -> *[any] { penalty-kind } }) }","#{$player_number} - {$time -> [pending] Pendente [served] Cumprida [total-dismissal] Expulso *[number] {$time} } {$time -> [total-dismissal] {""""} *[other] ({$kind -> *[any] { penalty-kind } }) }","#{$player_number} - {$time -> [pending] รอดำเนินการ [served] รับโทษแล้ว [total-dismissal] ไล่ออก *[number] {$time} } {$time -> [total-dismissal] {""""} *[other] ({$kind -> *[any] { penalty-kind } }) }","#{$player_number} - {$time -> [pending] Naghihintay [served] Naisilbi [total-dismissal] Tinanggal *[number] {$time} } {$time -> [total-dismissal] {""""} *[other] ({$kind -> *[any] { penalty-kind } }) }","#{$player_number} - {$time -> [pending] Beklemede [served] Tamamlandı [total-dismissal] İhraç Edildi *[number] {$time} } {$time -> [total-dismissal] {""""} *[other] ({$kind -> *[any] { penalty-kind } }) }","#{$player_number} - {$time -> [pending] 待执行 [served] 已执行 [total-dismissal] 已取消资格 *[number] {$time} } {$time -> [total-dismissal] {""""} *[other] ({$kind -> *[any] { penalty-kind } }) }"
foul,{$player_number -> [none] {$infraction} *[number] #{$player_number} - {$infraction} },{$player_number -> [none] {$infraction} *[number] #{$player_number} - {$infraction} },{$player_number -> [none] {$infraction} *[number] #{$player_number} - {$infraction} },{$player_number -> [none] {$infraction} *[number] #{$player_number} - {$infraction} },{$player_number -> [none] {$infraction} *[number] #{$player_number} - {$infraction} },{$player_number -> [none] {$infraction} *[number] #{$player_number} - {$infraction} },{$player_number -> [none] {$infraction} *[number] #{$player_number} - {$infraction} },{$player_number -> [none] {$infraction} *[number] #{$player_number} - {$infraction} },{$player_number -> [none] {$infraction} *[number] #{$player_number} - {$infraction} },{$player_number -> [none] {$infraction} *[number] #{$player_number} - {$infraction} },{$player_number -> [none] {$infraction} *[number] #{$player_number} - {$infraction} },{$player_number -> [none] {$infraction} *[number] #{$player_number} - {$infraction} },{$player_number -> [none] {$infraction} *[number] #{$player_number} - {$infraction} },{$player_number -> [none] {$infraction} *[number] #{$player_number} - {$infraction} },{$player_number -> [none] {$infraction} *[number] #{$player_number} - {$infraction} }
warning,{$player_number -> [none] { team-warning-abreviation } - {$infraction} *[number] #{$player_number} - {$infraction} },{$player_number -> [none] { team-warning-abreviation } - {$infraction} *[number] #{$player_number} - {$infraction} },{$player_number -> [none] { team-warning-abreviation } - {$infraction} *[number] #{$player_number} - {$infraction} },{$player_number -> [none] { team-warning-abreviation } - {$infraction} *[number] #{$player_number} - {$infraction} },{$player_number -> [none] { team-warning-abreviation } - {$infraction} *[number] #{$player_number} - {$infraction} },{$player_number -> [none] { team-warning-abreviation } - {$infraction} *[number] #{$player_number} - {$infraction} },{$player_number -> [none] { team-warning-abreviation } - {$infraction} *[number] #{$player_number} - {$infraction} },{$player_number -> [none] { team-warning-abreviation } - {$infraction} *[number] #{$player_number} - {$infraction} },{$player_number -> [none] { team-warning-abreviation } - {$infraction} *[number] #{$player_number} - {$infraction} },{$player_number -> [none] { team-warning-abreviation } - {$infraction} *[number] #{$player_number} - {$infraction} },{$player_number -> [none] { team-warning-abreviation } - {$infraction} *[number] #{$player_number} - {$infraction} },{$player_number -> [none] { team-warning-abreviation } - {$infraction} *[number] #{$player_number} - {$infraction} },{$player_number -> [none] { team-warning-abreviation } - {$infraction} *[number] #{$player_number} - {$infraction} },{$player_number -> [none] { team-warning-abreviation } - {$infraction} *[number] #{$player_number} - {$infraction} },{$player_number -> [none] { team-warning-abreviation } - {$infraction} *[number] #{$player_number} - {$infraction} }
infraction,Infraction: {$infraction},Faute: {$infraction},Infracción: {$infraction},Verstoß: {$infraction},Pelanggaran: {$infraction},Infrazione: {$infraction},反則: {$infraction},위반: {$infraction},Pelanggaran: {$infraction},Overtreding: {$infraction},Infração: {$infraction},การฝ่าฝืน: {$infraction},Paglabag: {$infraction},İhlal: {$infraction},犯规类型：{$infraction}
error,Error ({ $number }),Erreur ({ $number }),Error ({ $number }),Fehler ({ $number }),Galat ({ $number }),Errore ({ $number }),エラー ({ $number }),오류 ({ $number }),Ralat ({ $number }),Fout ({ $number }),Erro ({ $number }),ข้อผิดพลาด ({ $number }),Error ({ $number }),Hata ({ $number }),错误（{ $number }）
one-game,Game: { $game },Match: { $game },Juego: { $game },Spiel: { $game },Pertandingan: { $game },Partita: { $game },試合: { $game },경기: { $game },Perlawanan: { $game },Wedstrijd: { $game },Jogo: { $game },เกม: { $game },Laro: { $game },Oyun: { $game },比赛：{ $game }
teams,{ -dark-team-name } Team: { $dark_team } { -light-team-name } Team: { $light_team },Équipe { -dark-team-name }: { $dark_team } Équipe { -light-team-name }: { $light_team },{ -dark-team-name } Equipo: { $dark_team } { -light-team-name } Equipo: { $light_team },{ -dark-team-name } Mannschaft: { $dark_team } { -light-team-name } Mannschaft: { $light_team },Tim { -dark-team-name }: { $dark_team } Tim { -light-team-name }: { $light_team },Squadra { -dark-team-name }: { $dark_team } Squadra { -light-team-name }: { $light_team },{ -dark-team-name }チーム: { $dark_team } { -light-team-name }チーム: { $light_team },{ -dark-team-name } 팀: { $dark_team } { -light-team-name } 팀: { $light_team },Pasukan { -dark-team-name }: { $dark_team } Pasukan { -light-team-name }: { $light_team },{ -dark-team-name } Team: { $dark_team } { -light-team-name } Team: { $light_team },Equipa { -dark-team-name }: { $dark_team } Equipa { -light-team-name }: { $light_team },{ -dark-team-name }: { $dark_team } { -light-team-name }: { $light_team },Koponan ng { -dark-team-name }: { $dark_team } Koponan ng { -light-team-name }: { $light_team },{ -dark-team-name } Takım: { $dark_team } { -light-team-name } Takım: { $light_team },{ -dark-team-name }：{ $dark_team } { -light-team-name }：{ $light_team }
game-config,"Half Length: { $half_len }, Half Time Length: { $half_time_len } Sudden Death Allowed: { $sd_allowed }, Overtime Allowed: { $ot_allowed }","Durée de la Pér.: { $half_len }, Mi-temps: { $half_time_len } Mort Subite: { $sd_allowed }, Prolongations: { $ot_allowed }","Duración de la mitad: { $half_len }, Duración del medio tiempo: { $half_time_len } Muerte súbita permitida: { $sd_allowed }, Tiempo Extra Permitido: { $ot_allowed }","Halbzeitdauer: { $half_len }, Halbzeitpausendauer: { $half_time_len } Plötzlicher Tod Erlaubt: { $sd_allowed }, Verlängerung Erlaubt: { $ot_allowed }","Durasi Babak: { $half_len }, Durasi Jeda Babak: { $half_time_len } Sudden Death Diizinkan: { $sd_allowed }, Perpanjangan Waktu Diizinkan: { $ot_allowed }","Durata Tempo: { $half_len }, Durata Intervallo: { $half_time_len } Morte Improvvisa Consentita: { $sd_allowed }, Tempi Suppl. Consentiti: { $ot_allowed }","ハーフ時間: { $half_len }, ハーフタイム時間: { $half_time_len } サドンデス許可: { $sd_allowed }, 延長戦許可: { $ot_allowed }","전반 시간: { $half_len }, 하프타임 시간: { $half_time_len } 서든 데스 허용: { $sd_allowed }, 연장전 허용: { $ot_allowed }","Panjang Separuh: { $half_len }, Panjang Rehat Separuh Masa: { $half_time_len } Sudden Death Dibenarkan: { $sd_allowed }, Masa Tambahan Dibenarkan: { $ot_allowed }","Duur Helft: { $half_len }, Duur Rust: { $half_time_len } Plotselinge Dood Toegestaan: { $sd_allowed }, Verlenging Toegestaan: { $ot_allowed }","Duração do Tempo: { $half_len }, Duração do Intervalo: { $half_time_len } Morte Súbita Permitida: { $sd_allowed }, Prorrogação Permitida: { $ot_allowed }","ความยาวครึ่ง: { $half_len }, ความยาวพักครึ่ง: { $half_time_len } อนุญาตตายกะทันหัน: { $sd_allowed }, อนุญาตต่อเวลาพิเศษ: { $ot_allowed }","Haba ng Kalahati: { $half_len }, Haba ng Pahinga: { $half_time_len } Sudden Death Pinahintulutan: { $sd_allowed }, Overtime Pinahintulutan: { $ot_allowed }","Devre Süresi: { $half_len }, Devre Arası Süresi: { $half_time_len } Ani Ölüm İzin Verildi: { $sd_allowed }, Uzatma İzin Verildi: { $ot_allowed }",半场时长：{ $half_len }， 中场时长：{ $half_time_len } 允许突然死亡：{ $sd_allowed }， 允许加时赛：{ $ot_allowed }
team-timeouts-per-half,Team Timeouts Allowed Per Half: { $team_timeouts },Temps Morts d'Équipe Autorisés par Période: { $team_timeouts },Tiempos muertos de equipo permitidos por mitad: { $team_timeouts },Mannschafts-Auszeiten pro Halbzeit: { $team_timeouts },Time-out Tim yang Diizinkan Per Babak: { $team_timeouts },Time-out di Squadra Consentiti per Tempo: { $team_timeouts },1ハーフあたりのチームタイムアウト数: { $team_timeouts },전반당 팀 타임아웃 허용 횟수: { $team_timeouts },Masa Rehat Pasukan Dibenarkan Per Separuh: { $team_timeouts },Team Time-outs Toegestaan Per Helft: { $team_timeouts },Tempos de Equipa Permitidos Por Tempo: { $team_timeouts },พักทีมที่อนุญาตต่อครึ่ง: { $team_timeouts },Mga Timeout ng Koponan na Pinahintulutan Bawat Kalahati: { $team_timeouts },Devre Başına İzin Verilen Takım Molaları: { $team_timeouts },每半场允许队伍暂停次数：{ $team_timeouts }
team-timeouts-per-game,Team Timeouts Allowed Per Game: { $team_timeouts },Temps Morts d'Équipe Autorisés par Match: { $team_timeouts },Tiempos muertos de equipo permitidos por juego: { $team_timeouts },Mannschafts-Auszeiten pro Spiel: { $team_timeouts },Time-out Tim yang Diizinkan Per Pertandingan: { $team_timeouts },Time-out di Squadra Consentiti per Partita: { $team_timeouts },1試合あたりのチームタイムアウト数: { $team_timeouts },경기당 팀 타임아웃 허용 횟수: { $team_timeouts },Masa Rehat Pasukan Dibenarkan Per Perlawanan: { $team_timeouts },Team Time-outs Toegestaan Per Wedstrijd: { $team_timeouts },Tempos de Equipa Permitidos Por Jogo: { $team_timeouts },พักทีมที่อนุญาตต่อเกม: { $team_timeouts },Mga Timeout ng Koponan na Pinahintulutan Bawat Laro: { $team_timeouts },Oyun Başına İzin Verilen Takım Molaları: { $team_timeouts },每场允许队伍暂停次数：{ $team_timeouts }
stop-clock-last-2,Stop Clock in Last 2 Minutes: { $stop_clock },Arrêter le temps dans les 2 dernières minutes: { $stop_clock },Detener reloj en los Últimos 2 minutos: { $stop_clock },Uhr in den letzten 2 Minuten stoppen: { $stop_clock },Hentikan Jam di 2 Menit Terakhir: { $stop_clock },Ferma Orologio negli Ultimi 2 Minuti: { $stop_clock },残り2分でクロック停止: { $stop_clock },마지막 2분 시계 정지: { $stop_clock },Hentikan Jam 2 Minit Terakhir: { $stop_clock },Klok Stoppen in Laatste 2 Minuten: { $stop_clock },Parar Relógio nos Últimos 2 Minutos: { $stop_clock },หยุดนาฬิกาใน 2 นาทีสุดท้าย: { $stop_clock },Ihinto ang Orasan sa Huling 2 Minuto: { $stop_clock },Son 2 Dakikada Saati Durdur: { $stop_clock },最后2分钟停钟：{ $stop_clock }
ref-list,Chief Ref: { $chief_ref } Timer: { $timer } Water Ref 1: { $water_ref_1 } Water Ref 2: { $water_ref_2 } Water Ref 3: { $water_ref_3 },Arbitre en Chef: { $chief_ref } Chronométreur: { $timer } Arbitre Aquatique 1: { $water_ref_1 } Arbitre Aquatique 2: { $water_ref_2 } Arbitre Aquatique 3: { $water_ref_3 },Árbitro principal: { $chief_ref } Timer: { $timer } Árbitro de agua 1: { $water_ref_1 } Árbitro de agua 2: { $water_ref_2 } Árbitro de agua 3: { $water_ref_3 },Hauptschiedsrichter: { $chief_ref } Zeitnehmer: { $timer } Wasserschiedsrichter 1: { $water_ref_1 } Wasserschiedsrichter 2: { $water_ref_2 } Wasserschiedsrichter 3: { $water_ref_3 },Wasit Kepala: { $chief_ref } Pencatat Waktu: { $timer } Wasit Air 1: { $water_ref_1 } Wasit Air 2: { $water_ref_2 } Wasit Air 3: { $water_ref_3 },Capo Arbitro: { $chief_ref } Cronometrista: { $timer } Arbitro di Vasca 1: { $water_ref_1 } Arbitro di Vasca 2: { $water_ref_2 } Arbitro di Vasca 3: { $water_ref_3 },主審: { $chief_ref } タイムキーパー: { $timer } 水中審判1: { $water_ref_1 } 水中審判2: { $water_ref_2 } 水中審判3: { $water_ref_3 },주심: { $chief_ref } 계시원: { $timer } 수중 심판 1: { $water_ref_1 } 수중 심판 2: { $water_ref_2 } 수중 심판 3: { $water_ref_3 },Ketua Pengadil: { $chief_ref } Pencatat Masa: { $timer } Pengadil Air 1: { $water_ref_1 } Pengadil Air 2: { $water_ref_2 } Pengadil Air 3: { $water_ref_3 },Hoofdscheidsrechter: { $chief_ref } Tijdwaarnemer: { $timer } Waterscheidsrechter 1: { $water_ref_1 } Waterscheidsrechter 2: { $water_ref_2 } Waterscheidsrechter 3: { $water_ref_3 },Árbitro Principal: { $chief_ref } Controlador de Tempo: { $timer } Árbitro Aquático 1: { $water_ref_1 } Árbitro Aquático 2: { $water_ref_2 } Árbitro Aquático 3: { $water_ref_3 },หัวหน้าผู้ตัดสิน: { $chief_ref } กรรมการจับเวลา: { $timer } ผู้ตัดสินในน้ำ 1: { $water_ref_1 } ผู้ตัดสินในน้ำ 2: { $water_ref_2 } ผู้ตัดสินในน้ำ 3: { $water_ref_3 },Punong Ref: { $chief_ref } Timer: { $timer } Water Ref 1: { $water_ref_1 } Water Ref 2: { $water_ref_2 } Water Ref 3: { $water_ref_3 },Başhakem: { $chief_ref } Zaman Ayarlayıcı: { $timer } Su Hakemi 1: { $water_ref_1 } Su Hakemi 2: { $water_ref_2 } Su Hakemi 3: { $water_ref_3 },主裁判：{ $chief_ref } 计时员：{ $timer } 水下裁判1：{ $water_ref_1 } 水下裁判2：{ $water_ref_2 } 水下裁判3：{ $water_ref_3 }
team-ref-list,Referees: { $ref_team } T/S Keeper: { $ts_keeper_team },Arbitres: { $ref_team } Chronométreur/Marqueur: { $ts_keeper_team },Árbitros: { $ref_team } Cronometrador/Marcador: { $ts_keeper_team },Schiedsrichter: { $ref_team } Zeitnehmer/Anschreiber: { $ts_keeper_team },Wasit: { $ref_team } Pencatat Waktu/Skor: { $ts_keeper_team },Arbitri: { $ref_team } Cronometrista/Segnapunti: { $ts_keeper_team },審判員: { $ref_team } 記録員: { $ts_keeper_team },심판: { $ref_team } 기록원/계시원: { $ts_keeper_team },Pengadil: { $ref_team } Pencatat Masa/Markah: { $ts_keeper_team },Scheidsrechters: { $ref_team } Tijdwaarnemer/Scorer: { $ts_keeper_team },Árbitros: { $ref_team } Controlador de Tempo/Pontuação: { $ts_keeper_team },ผู้ตัดสิน: { $ref_team } กรรมการจับเวลา/บันทึกคะแนน: { $ts_keeper_team },Mga Referee: { $ref_team } Tagapanatili ng Puntos: { $ts_keeper_team },Hakemler: { $ref_team } Zaman/Skor Tutanlar: { $ts_keeper_team },裁判员：{ $ref_team } 计时/记分员：{ $ts_keeper_team }
unknown,Unknown,Inconnu,Desconocido,Unbekannt,Tidak Diketahui,Sconosciuto,不明,알 수 없음,Tidak Diketahui,Onbekend,Desconhecido,ไม่ทราบ,Hindi Alam,Bilinmiyor,未知
next-game,NEXT GAME,MATCH SUIVANT,PRÓXIMO JUEGO,NÄCHSTES SPIEL,PERTANDINGAN BERIKUTNYA,PROSSIMA PARTITA,次の試合,다음 경기,PERLAWANAN SETERUSNYA,VOLGENDE WEDSTRIJD,PRÓXIMO JOGO,เกมถัดไป,SUSUNOD NA LARO,SONRAKİ OYUN,下一场
first-half,FIRST HALF,1ere PÉRIODE,1a MITAD,ERSTE HALBZEIT,BABAK PERTAMA,PRIMO TEMPO,前半,전반,SEPARUH PERTAMA,EERSTE HELFT,PRIMEIRO TEMPO,ครึ่งแรก,UNANG KALAHATI,İLK DEVRE,上半场
half-time,HALF TIME,MI-TEMPS,MEDIO TIEMPO,HALBZEITPAUSE,JEDA BABAK,INTERVALLO,ハーフタイム,하프타임,REHAT SEPARUH MASA,RUST,INTERVALO,พักครึ่ง,PAHINGA,DEVRE ARASI,中场休息
second-half,SECOND HALF,2eme PÉRIODE,SEGUNDA MITAD,ZWEITE HALBZEIT,BABAK KEDUA,SECONDO TEMPO,後半,후반,SEPARUH KEDUA,TWEEDE HELFT,SEGUNDO TEMPO,ครึ่งที่สอง,IKALAWANG KALAHATI,İKİNCİ DEVRE,下半场
pre-ot-break-full,PRE OVERTIME BREAK,PAUSE PRÉ PROLONGATIONS,DESCANSO PREVIO AL TIEMPO EXTRA,PAUSE VOR VERLÄNGERUNG,JEDA SEBELUM PERPANJANGAN WAKTU,PAUSA PRE SUPPLEMENTARI,延長前休憩,연장전 전 휴식,REHAT PRA-MASA TAMBAHAN,PAUZE VOOR VERLENGING,PAUSA PRÉ-PRORROGAÇÃO,พักก่อนต่อเวลาพิเศษ,PAHINGA BAGO OVERTIME,UZATMA ÖNCESİ ARA,加时前休息
overtime-first-half,OVERTIME FIRST HALF,1ere PROLONGATION,PRIMERA MITAD DEL TIEMPO EXTRA,ERSTE VERLÄNGERUNGSHÄLFTE,BABAK PERTAMA PERPANJANGAN WAKTU,PRIMO TEMPO SUPPLEMENTARE,延長前半,연장 전반,SEPARUH PERTAMA MASA TAMBAHAN,EERSTE VERLENGINGSTIJD,PRORROGAÇÃO PRIMEIRO TEMPO,ครึ่งแรกต่อเวลาพิเศษ,UNANG KALAHATI NG OT,UZATMA BİRİNCİ DEVRE,加时赛上半场
overtime-half-time,OVERTIME HALF TIME,MI-TEMPS PROLONGATION,MEDIO TIEMPO DEL TIEMPO EXTRA,VERLÄNGERUNGSPAUSE,JEDA PERPANJANGAN WAKTU,INTERVALLO SUPPLEMENTARE,延長ハーフタイム,연장 하프타임,REHAT SEPARUH MASA TAMBAHAN,RUST VERLENGING,INTERVALO PRORROGAÇÃO,พักครึ่งต่อเวลาพิเศษ,PAHINGA SA OVERTIME,UZATMA DEVRE ARASI,加时赛中场
overtime-second-half,OVERTIME SECOND HALF,2eme PROLONGATION,SEGUNDA MITAD DEL TIEMPO EXTRA,ZWEITE VERLÄNGERUNGSHÄLFTE,BABAK KEDUA PERPANJANGAN WAKTU,SECONDO TEMPO SUPPLEMENTARE,延長後半,연장 후반,SEPARUH KEDUA MASA TAMBAHAN,TWEEDE VERLENGINGSTIJD,PRORROGAÇÃO SEGUNDO TEMPO,ครึ่งที่สองต่อเวลาพิเศษ,IKALAWANG KALAHATI NG OT,UZATMA İKİNCİ DEVRE,加时赛下半场
pre-sudden-death-break,PRE SUDDEN DEATH BREAK,PAUSE PRÉ MORT SUBITE,DESCANSO PREVIO A MUERTE SÚBITA,PAUSE VOR PLÖTZLICHEM TOD,JEDA SEBELUM SUDDEN DEATH,PAUSA PRE MORTE IMPROVVISA,サドンデス前休憩,서든 데스 전 휴식,REHAT PRA-SUDDEN DEATH,PAUZE VOOR PLOTSELINGE DOOD,PAUSA PRÉ-MORTE SÚBITA,พักก่อนตายกะทันหัน,PAHINGA BAGO SUDDEN DEATH,ANİ ÖLÜM ÖNCESİ ARA,突然死亡前休息
sudden-death,SUDDEN DEATH,MORT SUBITE,MUERTE SÚBITA,PLÖTZLICHER TOD,SUDDEN DEATH,MORTE IMPROVVISA,サドンデス,서든 데스,SUDDEN DEATH,PLOTSELINGE DOOD,MORTE SÚBITA,ตายกะทันหัน,SUDDEN DEATH,ANİ ÖLÜM,突然死亡
ot-first-half,OT FIRST HALF,1ere PROL.,PRIMERA MITAD DEL TIEMPO EXTRA,VERL. ERSTE HZ,BABAK 1 PW,1° TEMPO SUPPL.,延長第1ハーフ,연장 1전반,SEPARUH 1 MASA TAMBAHAN,VERL EERSTE HELFT,PRORR 1.º TEMPO,ต่อเวลาครึ่ง 1,UNANG KALAHATI NG OT,UZAT BİRİNCİ DEVRE,加时上半场
ot-half-time,OT HALF TIME,M-T PROL.,MEDIO TIEMPO DEL TIEMPO EXTRA,VERL. PAUSE,JEDA PW,INT. SUPPL.,延長ハーフタイム,연장 하프타임,REHAT SEPARUH MASA TAMBAHAN,VERL RUST,PRORR INTERVALO,พักครึ่งต่อเวลา,PAHINGA SA OT,UZAT DEVRE ARASI,加时中场
ot-2nd-half,OT 2ND HALF,2eme PROL.,SEGUNDA MITAD DEL TIEMPO EXTRA,VERL. ZWEITE HZ,BABAK 2 PW,2° TEMPO SUPPL.,延長第2ハーフ,연장 2후반,SEPARUH 2 MASA TAMBAHAN,VERL TWEEDE HELFT,PRORR 2.º TEMPO,ต่อเวลาครึ่ง 2,IKALAWANG KALAHATI NG OT,UZAT İKİNCİ DEVRE,加时下半场
white-timeout-short,WHT T/O,T/M BLANC,T/M BLANCO,WEI AUS,T/O PTH,T/O BIA,白 T/O,흰 타임아웃,REHAT PTH,LCH T/O,BRA T/E,ขาว พทม.,PUTI T/O,BYZ M/A,白暂停
white-timeout-full,WHITE TIMEOUT,T/M BLANC,TIEMPO MUERTO BLANCO,AUSZEIT WEISS,TIME-OUT PUTIH,TIME-OUT BIANCHI,白チームタイムアウト,흰 팀 타임아웃,MASA REHAT PUTIH,TEAM TIME-OUT LICHT,TEMPO DE EQUIPA BRANCA,พักทีมขาว,TIMEOUT NG PUTI,BEYAZ MOLASI,白队暂停
black-timeout-short,BLK T/O,T/M NOIR,T/M NEGRO,SCH AUS,T/O HTM,T/O NER,黒 T/O,검정 타임아웃,REHAT HTM,DNK T/O,PRE T/E,ดำ พทม.,ITIM T/O,SYH M/A,黑暂停
black-timeout-full,BLACK TIMEOUT,T/M NOIR,TIEMPO MUERTO NEGRO,AUSZEIT SCHWARZ,TIME-OUT HITAM,TIME-OUT NERI,黒チームタイムアウト,검정 팀 타임아웃,MASA REHAT HITAM,TEAM TIME-OUT DONKER,TEMPO DE EQUIPA PRETA,พักทีมดำ,TIMEOUT NG ITIM,SİYAH MOLASI,黑队暂停
ref-timeout-short,REF TMOUT,T/M D'ARB.,T/M ÁRBITRO,SCHIRI AUS,T/O WASIT,T/O ARB,審判T/O,심판 타임아웃,REHAT PENGADIL,SR T/O,ARB T/E,ผตส. พัก,REF T/O,HKM MOLA,裁判暂停
penalty-shot-short,PNLTY SHT,TIR DE PÉN.,TIRO PENAL,STRAFSTOSS,TBK PEN,TIRO RIG.,PEN SHT,페널티 샷,TMBN PENALTI,STRAFSCHOT,TIRO PENAL,ยิงโทษ,PENALTY SHT,CZA ATŞ,罚球
team-warning-abreviation,T,É,A,T,T,S,警,팀,P,T,A,ท,K,T,队
zero,ZERO,ZÉRO,CERO,NULL,NOL,ZERO,ゼロ,영,SIFAR,NUL,ZERO,ศูนย์,SERO,SIFIR,零
game-time,GAME TIME,TEMPS DE MATCH,TIEMPO DE JUEGO,SPIELZEIT,WAKTU PERTANDINGAN,TEMPO DI GIOCO,試合時間,경기 시간,MASA PERLAWANAN,WEDSTRIJDTIJD,TEMPO DE JOGO,เวลาเกม,ORAS NG LARO,OYUN SAATİ,比赛时间
timeout,TIMEOUT,TEMPS MORT (T/M),TIEMPO MUERTO,AUSZEIT,TIME-OUT,TIME-OUT,タイムアウト,타임아웃,MASA REHAT,TIME-OUT,TEMPO DE EQUIPA,พักทีม,TIMEOUT,MOLA,暂停
Note-Game-time-is-paused,Note: Game time is paused while on this screen,Note: Le temps de match est en pause sur cet écran,Nota: El tiempo de juego está pausado mientras está en esta pantalla,Hinweis: Die Spielzeit ist auf diesem Bildschirm pausiert,Catatan: Waktu pertandingan dijeda saat berada di layar ini,Nota: Il tempo di gioco è in pausa su questa schermata,注意: この画面中は試合時間が一時停止されています,참고: 이 화면에 있는 동안 경기 시간이 일시 정지됩니다,Nota: Masa perlawanan dijeda semasa berada di skrin ini,Opmerking: De wedstrijdtijd is gepauzeerd op dit scherm,Nota: O tempo de jogo está pausado neste ecrã,หมายเหตุ: เวลาเกมหยุดชั่วคราวขณะอยู่ในหน้านี้,Tandaan: Ang oras ng laro ay nakaka-pause habang nasa screen na ito,Not: Bu ekrandayken oyun saati duraklatılmıştır,注意：在此界面时比赛时间已暂停
fouls,FOULS,FAUTES,FALTAS,FOULS,PELANGGARAN,FALLI,反則,반칙,KESALAHAN,OVERTREDINGEN,FALTAS,ฟาวล์,MGA POUL,FAULLER,犯规
edit-warnings,EDIT WARNINGS,ÉDITER LES AVERTISSEMENTS,EDITAR AVISO,VERWARNUNGEN BEARBEITEN,EDIT PERINGATAN,MODIFICA AMMONIZIONI,警告を編集,경고 편집,EDIT AMARAN,WAARSCHUWINGEN BEWERKEN,EDITAR AVISOS,แก้ไขการเตือน,I-EDIT ANG MGA BABALA,UYARILARI DÜZENLE,编辑警告
edit-fouls,EDIT FOULS,ÉDITER LES FAUTES,EDITAR FALTAS,FOULS BEARBEITEN,EDIT PELANGGARAN,MODIFICA FALLI,反則を編集,반칙 편집,EDIT KESALAHAN,OVERTREDINGEN BEWERKEN,EDITAR FALTAS,แก้ไขฟาวล์,I-EDIT ANG MGA POUL,FAULLERİ DÜZENLE,编辑犯规
black-warnings,BLACK WARNINGS,AVERTISSEMENTS NOIR,AVISOS E. NEGRO,VERWARNUNGEN SCHWARZ,PERINGATAN HITAM,AMMONIZIONI NERI,黒チーム警告,검정 팀 경고,AMARAN HITAM,WAARSCHUWINGEN DONKER,AVISOS PRETA,การเตือนทีมดำ,MGA BABALA NG ITIM,SİYAH UYARILARI,黑队警告
white-warnings,WHITE WARNINGS,AVERTISSEMENTS BLANC,AVISOS E. BLANCO,VERWARNUNGEN WEISS,PERINGATAN PUTIH,AMMONIZIONI BIANCHI,白チーム警告,흰 팀 경고,AMARAN PUTIH,WAARSCHUWINGEN LICHT,AVISOS BRANCA,การเตือนทีมขาว,MGA BABALA NG PUTI,BEYAZ UYARILARI,白队警告
player-number,PLAYER NUMBER:,NUMÉRO DU JOUEUR:,NÚMERO DE JUGADOR:,SPIELER- NUMMER:,NOMOR PEMAIN:,NUMERO GIOCATORE:,選手 番号:,선수 번호:,NOMBOR PEMAIN:,SPELER- NUMMER:,NÚMERO DA TOUCA:,หมายเลข ผู้เล่น:,NUMERO NG MANLALARO:,OYUNCU NUMARASI:,球员 号码：
game-number,GAME NUMBER:,NUMÉRO DU MATCH:,NÚMERO DE JUEGO:,SPIEL- NUMMER:,NOMOR PERTANDINGAN:,NUMERO PARTITA:,試合 番号:,경기 번호:,NOMBOR PERLAWANAN:,WEDSTRIJD- NUMMER:,NÚMERO DO JOGO:,หมายเลข เกม:,NUMERO NG LARO:,OYUN NUMARASI:,比赛 编号：
num-tos-per-half,NUM OF TEAM T/Os PER HALF:,NOMBRE DE TEMPS MORTS PAR MI-TEMPS:,NÚMERO DE T/Ms POR MITAD:,AUSZEITEN PRO HALBZEIT:,JUMLAH TIME-OUT TIM PER BABAK:,N. TIME-OUT PER TEMPO:,ハーフあたりの チームT/O数:,전반당 팀 타임아웃 수:,BIL. MASA REHAT PASUKAN/SEPARUH:,AANTAL T/O'S PER HELFT:,N.º T/E POR TEMPO:,จำนวนพักทีม ต่อครึ่ง:,BILANG NG TEAM T/Os BAWAT KALAHATI:,DEVRE BAŞINA TAKIM MOLASI:,每半场队伍 暂停次数：
num-tos-per-game,NUM OF TEAM T/Os PER GAME:,NOMBRE DE TEMPS MORTS PAR MATCH:,NÚMERO DE T/Ms POR JUEGO:,AUSZEITEN PRO SPIEL:,JUMLAH TIME-OUT TIM PER PERTANDINGAN:,N. TIME-OUT PER PARTITA:,試合あたりの チームT/O数:,경기당 팀 타임아웃 수:,BIL. MASA REHAT PASUKAN/PERLAWANAN:,AANTAL T/O'S PER WEDSTRIJD:,N.º T/E POR JOGO:,จำนวนพักทีม ต่อเกม:,BILANG NG TEAM T/Os BAWAT LARO:,OYUN BAŞINA TAKIM MOLASI:,每场队伍 暂停次数：
off,OFF,ÉTEINT,NO,AUS,MATI,OFF,オフ,끄기,MATI,UIT,DESLIGADO,ปิด,PATAY,KAPALI,关
max,MAX,MAX,MÁX,MAX,MAKS,MAX,最大,최대,MAKSIMUM,MAX,MÁX,สูงสุด,MAX,MAKS,最大
hockey6v6,HOCKEY6V6,Hockey6V6,HOCKEY 6vs6,HOCKEY6G6,HOKI6V6,HOCKEY6V6,ホッケー6対6,하키 6대6,HOKI 6LWN6,HOCKEY6V6,HÓQUEI 6C6,ฮอกกี้ 6ต่อ6,HOCKEY6V6,HOKEY6V6,六对六水下曲棍球
hockey3v3,HOCKEY3V3,Hockey3V3,HOCKEY 3vs3,HOCKEY3G3,HOKI3V3,HOCKEY3V3,ホッケー3対3,하키 3대3,HOKI 3LWN3,HOCKEY3V3,HÓQUEI 3C3,ฮอกกี้ 3ต่อ3,HOCKEY3V3,HOKEY3V3,三对三水下曲棍球
rugby,RUGBY,Rugby,RUGBY,RUGBY,RUGBY,RUGBY,ラグビー,럭비,RAGBI,RUGBY,RÂGUEBI,รักบี้,RUGBY,RAGBİ,橄榄球
stick-foul,Stick Foul,Faute de crosse,Infracción con el palo,Schläger-Foul,Pelanggaran Stik,Fallo di Mazzetta,スティック反則,스틱 반칙,Kesalahan Kayu,Stokfout,Falta de Taco,ฟาวล์ด้วยไม้,Poul sa Stick,Sopa Faulü,球棍犯规
illegal-advance,Illegal Advance,Faire avancer le palet,Uso de la mano libre,Regelwidriges Vorrücken,Maju Ilegal,Avanzamento Illegale,違反前進,불법 전진,Kemajuan Haram,Onrechtmatig Voortbewegen,Avanço Ilegal,การรุกผิดกติกา,Iligal na Pag-abante,Kural Dışı İlerleme,非法推进
sub-foul,Sub Foul,Changement incorrect,Substitución ilegal,Auswechsel-Foul,Pelanggaran Pergantian Pemain,Fallo di Sostituzione,交代反則,교체 반칙,Kesalahan Pertukaran Pemain,Wisselfout,Falta de Substituição,ฟาวล์การเปลี่ยนตัว,Poul sa Pagpapalit,Oyuncu Değişikliği Faulü,换人犯规
illegal-stoppage,Illegal Stoppage,Arrêt irrégulier,Parada ilegal,Regelwidrige Spielunterbrechung,Penghentian Ilegal,Arresto Irregolare,違反停止,불법 정지,Hentian Haram,Onrechtmatige Onderbreking,Paragem Ilegal,การหยุดเล่นผิดกติกา,Iligal na Paghinto,Kural Dışı Durdurma,非法停球
out-of-bounds,Out Of Bounds,Palet sorti,Pastilla fuera,Außerhalb des Spielfeldes,Di Luar Batas,Fuori dal Campo,コート外,경계 밖,Di Luar Sempadan,Buiten het Speelveld,Fora dos Limites,นอกสนาม,Labas ng Hangganan,Oyun Alanı Dışı,出界
grabbing-the-wall,Grabbing The Wall,Agripper avec les barrières,agarrarse con barreras,Festhalten am Beckenrand,Memegang Dinding,Aggrapparsi alla Parete,壁つかみ,벽 잡기,Memegang Dinding,Vasthouden aan de Wand,Agarrar a Parede,การจับผนัง,Pagkapit sa Dingding,Duvardan Tutunma,抓墙
obstruction,Obstruction,Obstruction,Obstruir,Behinderung,Penghalangan,Ostruzione,妨害,방해,Halangan,Obstructie,Obstrução,การขัดขวาง,Hadlang,Engelleme,阻挡
delay-of-game,Delay Of Game,Faute pour ralentir le jeu,Quemar tiempo,Spielverzögerung,Mengulur Waktu,Perdita di Tempo,遅延行為,경기 지연,Melengahkan Permainan,Vertraging van het Spel,Atraso de Jogo,การประวิงเวลา,Pagkaantala ng Laro,Oyunu Geciktirme,延误比赛
unsportsmanlike,Unsportsmanlike,Conduite anti sportive,Conducta antideportiva,Unsportliches Verhalten,Perilaku Tidak Sportif,Comportamento Antisportivo,非紳士的行為,비신사적 행위,Kelakuan Tidak Bersukan,Onsportief Gedrag,Conduta Anti-Desportiva,การประพฤติผิดน้ำใจนักกีฬา,Hindi Sportsmanlike,Sportmenlik Dışı Davranış,不体育行为
free-arm,Free Arm,Usage irrégulier du bras libre,Uso ilegal del brazo libre,Freier Arm,Lengan Bebas,Braccio Libero,フリーハンド反則,자유 팔 반칙,Lengan Bebas,Vrije Arm,Braço Livre,แขนอิสระ,Libreng Braso,Serbest Kol,自由臂犯规
false-start,False Start,Faux départs,Saque nulo,Fehlstart,Start Curang,Falsa Partenza,不正スタート,부정 출발,Permulaan Palsu,Vals Vertrek,Saída Falsa,การออกตัวผิด,Maling Simula,Hatalı Başlangıç,抢跑
portal-summary-title,{ $portal } PORTAL STATUS,STATUT { $portal } PORTAL,ESTADO DE { $portal } PORTAL,{ $portal } PORTAL STATUS,{ $portal } PORTAL STATUS,{ $portal } PORTAL STATUS,{ $portal } PORTAL STATUS,{ $portal } PORTAL STATUS,{ $portal } PORTAL STATUS,{ $portal } PORTAL STATUS,{ $portal } PORTAL STATUS,{ $portal } PORTAL STATUS,{ $portal } PORTAL STATUS,{ $portal } PORTAL STATUS,{ $portal } PORTAL STATUS
portal-row-token-expired,Portal login expired — tap to re-login,Session du portail expirée — touchez pour vous reconnecter,Sesión del portal expirada — toca para iniciar sesión,Portal login expired — tap to re-login,Portal login expired — tap to re-login,Portal login expired — tap to re-login,Portal login expired — tap to re-login,Portal login expired — tap to re-login,Portal login expired — tap to re-login,Portal login expired — tap to re-login,Portal login expired — tap to re-login,Portal login expired — tap to re-login,Portal login expired — tap to re-login,Portal login expired — tap to re-login,Portal login expired — tap to re-login
portal-row-stuck,"Game { $game } Score send error, tap to fix","Match { $game } · Erreur d'envoi du résultat, touchez pour corriger","Juego { $game } · Error al enviar resultado, toca para corregir","Game { $game } Score send error, tap to fix","Game { $game } Score send error, tap to fix","Game { $game } Score send error, tap to fix","Game { $game } Score send error, tap to fix","Game { $game } Score send error, tap to fix","Game { $game } Score send error, tap to fix","Game { $game } Score send error, tap to fix","Game { $game } Score send error, tap to fix","Game { $game } Score send error, tap to fix","Game { $game } Score send error, tap to fix","Game { $game } Score send error, tap to fix","Game { $game } Score send error, tap to fix"
portal-row-pending,"Game { $game } Score not sent, tap to retry","Match { $game } · Résultat non envoyé, touchez pour réessayer","Juego { $game } · Resultado no enviado, toca para reintentar","Game { $game } Score not sent, tap to retry","Game { $game } Score not sent, tap to retry","Game { $game } Score not sent, tap to retry","Game { $game } Score not sent, tap to retry","Game { $game } Score not sent, tap to retry","Game { $game } Score not sent, tap to retry","Game { $game } Score not sent, tap to retry","Game { $game } Score not sent, tap to retry","Game { $game } Score not sent, tap to retry","Game { $game } Score not sent, tap to retry","Game { $game } Score not sent, tap to retry","Game { $game } Score not sent, tap to retry"
portal-row-attempt-suffix,(attempt { $attempts }),,,,,,,,,,,,,,
portal-row-recent,Game { $game } · Submitted { $mins } min ago,Match { $game } · Envoyé il y a { $mins } min,Juego { $game } · Enviado hace { $mins } min,Game { $game } · Submitted { $mins } min ago,Game { $game } · Submitted { $mins } min ago,Game { $game } · Submitted { $mins } min ago,Game { $game } · Submitted { $mins } min ago,Game { $game } · Submitted { $mins } min ago,Game { $game } · Submitted { $mins } min ago,Game { $game } · Submitted { $mins } min ago,Game { $game } · Submitted { $mins } min ago,Game { $game } · Submitted { $mins } min ago,Game { $game } · Submitted { $mins } min ago,Game { $game } · Submitted { $mins } min ago,Game { $game } · Submitted { $mins } min ago
portal-action-force-submit,Retry this game result,Réessayer ce résultat,Reintentar este resultado,Retry this game result,Retry this game result,Retry this game result,Retry this game result,Retry this game result,Retry this game result,Retry this game result,Retry this game result,Retry this game result,Retry this game result,Retry this game result,Retry this game result
portal-action-discard,Discard this game result,Supprimer ce résultat,Descartar este resultado,Discard this game result,Discard this game result,Discard this game result,Discard this game result,Discard this game result,Discard this game result,Discard this game result,Discard this game result,Discard this game result,Discard this game result,Discard this game result,Discard this game result
portal-action-discard-confirm,TAP AGAIN TO CONFIRM DISCARD,TOUCHEZ À NOUVEAU POUR CONFIRMER LA SUPPRESSION,TOCA DE NUEVO PARA CONFIRMAR DESCARTE,TAP AGAIN TO CONFIRM DISCARD,TAP AGAIN TO CONFIRM DISCARD,TAP AGAIN TO CONFIRM DISCARD,TAP AGAIN TO CONFIRM DISCARD,TAP AGAIN TO CONFIRM DISCARD,TAP AGAIN TO CONFIRM DISCARD,TAP AGAIN TO CONFIRM DISCARD,TAP AGAIN TO CONFIRM DISCARD,TAP AGAIN TO CONFIRM DISCARD,TAP AGAIN TO CONFIRM DISCARD,TAP AGAIN TO CONFIRM DISCARD,TAP AGAIN TO CONFIRM DISCARD
portal-page-title-attention,Game { $game } submission error,Match { $game } · Erreur d'envoi,Juego { $game } · Error de envío,Game { $game } submission error,Game { $game } submission error,Game { $game } submission error,Game { $game } submission error,Game { $game } submission error,Game { $game } submission error,Game { $game } submission error,Game { $game } submission error,Game { $game } submission error,Game { $game } submission error,Game { $game } submission error,Game { $game } submission error
portal-page-attention-info,The game result has not been accepted on { $portal } Portal,Le résultat du match n.a pas été accepté par { $portal } Portal,El resultado del juego no ha sido aceptado por { $portal } Portal,The game result has not been accepted on { $portal } Portal,The game result has not been accepted on { $portal } Portal,The game result has not been accepted on { $portal } Portal,The game result has not been accepted on { $portal } Portal,The game result has not been accepted on { $portal } Portal,The game result has not been accepted on { $portal } Portal,The game result has not been accepted on { $portal } Portal,The game result has not been accepted on { $portal } Portal,The game result has not been accepted on { $portal } Portal,The game result has not been accepted on { $portal } Portal,The game result has not been accepted on { $portal } Portal,The game result has not been accepted on { $portal } Portal
portal-page-attention-score,Stored game result: Light { $white } - Dark { $black },Résultat stocké : Clair { $white } - Foncé { $black },Resultado almacenado: Claro { $white } - Oscuro { $black },Stored game result: Light { $white } - Dark { $black },Stored game result: Light { $white } - Dark { $black },Stored game result: Light { $white } - Dark { $black },Stored game result: Light { $white } - Dark { $black },Stored game result: Light { $white } - Dark { $black },Stored game result: Light { $white } - Dark { $black },Stored game result: Light { $white } - Dark { $black },Stored game result: Light { $white } - Dark { $black },Stored game result: Light { $white } - Dark { $black },Stored game result: Light { $white } - Dark { $black },Stored game result: Light { $white } - Dark { $black },Stored game result: Light { $white } - Dark { $black }
portal-page-attention-remediation,"You can Retry if connection is verified, or discard to clear the error","Vous pouvez Réessayer si la connexion est vérifiée, ou supprimer pour effacer l'erreur","Puedes Reintentar si la conexión está verificada, o descartar para borrar el error","You can Retry if connection is verified, or discard to clear the error","You can Retry if connection is verified, or discard to clear the error","You can Retry if connection is verified, or discard to clear the error","You can Retry if connection is verified, or discard to clear the error","You can Retry if connection is verified, or discard to clear the error","You can Retry if connection is verified, or discard to clear the error","You can Retry if connection is verified, or discard to clear the error","You can Retry if connection is verified, or discard to clear the error","You can Retry if connection is verified, or discard to clear the error","You can Retry if connection is verified, or discard to clear the error","You can Retry if connection is verified, or discard to clear the error","You can Retry if connection is verified, or discard to clear the error"
portal-advisory-at-game-end,Portal issue detected. Score will still be queued — find an admin to resolve.,Problème du portail détecté. Le résultat sera tout de même mis en file d'attente — trouvez un administrateur pour le résoudre.,Problema del portal detectado. El resultado se encolará igualmente — busca a un administrador para resolverlo.,Portal issue detected. Score will still be queued — find an admin to resolve.,Portal issue detected. Score will still be queued — find an admin to resolve.,Portal issue detected. Score will still be queued — find an admin to resolve.,Portal issue detected. Score will still be queued — find an admin to resolve.,Portal issue detected. Score will still be queued — find an admin to resolve.,Portal issue detected. Score will still be queued — find an admin to resolve.,Portal issue detected. Score will still be queued — find an admin to resolve.,Portal issue detected. Score will still be queued — find an admin to resolve.,Portal issue detected. Score will still be queued — find an admin to resolve.,Portal issue detected. Score will still be queued — find an admin to resolve.,Portal issue detected. Score will still be queued — find an admin to resolve.,Portal issue detected. Score will still be queued — find an admin to resolve.
